Constituency,Party of incumbentbefore election,Member returned,Party of incumbentafter election,Notes,Wikilink,Birthday
"Aberavon
","Labour
","Stephen Kinnock
","Labour
","Seat held
",https://en.wikipedia.org/wiki/Stephen_Kinnock,1970-01-01
"Aberconwy
","Conservative
","Robin Millar
","Conservative
","Previous incumbent, Guto Bebb, did not stand
",https://en.wikipedia.org/wiki/Robin_Millar_(politician),1968-10-15
"Aberdeen North
","Scottish National
","Kirsty Blackman
","Scottish National
","Seat held
",https://en.wikipedia.org/wiki/Kirsty_Blackman,1986-03-20
"Aberdeen South
","Conservative
","Stephen Flynn
","Scottish National
","Previous incumbent, Ross Thomson, did not stand
",https://en.wikipedia.org/wiki/Stephen_Flynn_(Scottish_politician),1988-10-13
"Airdrie and Shotts
","Scottish National
","Neil Gray
","Scottish National
","Seat held
",https://en.wikipedia.org/wiki/Neil_Gray,1986-03-16
"Aldershot
","Conservative
","Leo Docherty
","Conservative
","Seat held
",https://en.wikipedia.org/wiki/Leo_Docherty,1976-10-04
"Aldridge-Brownhills
","Conservative
","Wendy Morton
","Conservative
","Seat held
",https://en.wikipedia.org/wiki/Wendy_Morton,1967-11-09
"Altrincham and Sale West
","Conservative
","Graham Brady
","Conservative
","Seat held
",https://en.wikipedia.org/wiki/Graham_Brady,1967-05-20
"Alyn and Deeside
","Labour
","Mark Tami
","Labour
","Seat held
",https://en.wikipedia.org/wiki/Mark_Tami,1962-10-03
"Amber Valley
","Conservative
","Nigel Mills
","Conservative
","Seat held
",https://en.wikipedia.org/wiki/Nigel_Mills,
"Angus
","Conservative
","Dave Doogan
","Scottish National
","Defeated incumbent, Kirstene Hair
",https://en.wikipedia.org/wiki/Dave_Doogan,1973-03-04
"Arfon
","Plaid Cymru
","Hywel Williams
","Plaid Cymru
","Seat held
",https://en.wikipedia.org/wiki/Hywel_Williams,
"Argyll and Bute
","Scottish National
","Brendan O'Hara
","Scottish National
","Seat held
",https://en.wikipedia.org/wiki/Brendan_O%27Hara,1963-04-27
"Arundel and South Downs
","Conservative
","Andrew Griffith
","Conservative
","Previous incumbent, Nick Herbert, did not stand
",https://en.wikipedia.org/wiki/Andrew_Griffith,1971-02-23
"Ashfield
","Labour
","Lee Anderson
","Conservative
","Previous incumbent, Gloria de Piero, did not stand
",https://en.wikipedia.org/wiki/Lee_Anderson_(British_politician),1967-01-06
"Ashford
","Conservative
","Damian Green
","Conservative
","Seat held
",https://en.wikipedia.org/wiki/Damian_Green,1956-01-17
"Ashton-under-Lyne
","Labour
","Angela Rayner
","Labour
","Seat held
",https://en.wikipedia.org/wiki/Angela_Rayner,1980-03-28
"Aylesbury
","Conservative
","Rob Butler
","Conservative
","Previous incumbent, David Lidington, did not stand
",https://en.wikipedia.org/wiki/Rob_Butler_(politician),1967-06-19
"Ayr, Carrick and Cumnock
","Conservative
","Allan Dorans
","Scottish National
","Previous incumbent, Bill Grant, did not stand
",https://en.wikipedia.org/wiki/Allan_Dorans,1955-07-30
"Banbury
","Conservative
","Victoria Prentis
","Conservative
","Seat held
",https://en.wikipedia.org/wiki/Victoria_Prentis,1971-03-24
"Banff and Buchan
","Conservative
","David Duguid
","Conservative
","Seat held
",https://en.wikipedia.org/wiki/David_Duguid_(politician),1970-10-08
"Barking
","Labour
","Margaret Hodge
","Labour
","Seat held
",https://en.wikipedia.org/wiki/Margaret_Hodge,1944-09-08
"Barnsley Central
","Labour
","Dan Jarvis
","Labour
","Seat held
",https://en.wikipedia.org/wiki/Dan_Jarvis,1972-11-30
"Barnsley East
","Labour
","Stephanie Peacock
","Labour
","Seat held
",https://en.wikipedia.org/wiki/Stephanie_Peacock,
"Barrow and Furness
","Independent (The Independents)[f]
","Simon Fell
","Conservative
","Previous incumbent, John Woodcock, did not stand
",https://en.wikipedia.org/wiki/Simon_Fell_(politician),1981-02-09
"Basildon and Billericay
","Conservative
","John Baron
","Conservative
","Seat held
",https://en.wikipedia.org/wiki/John_Baron_(politician),1959-06-21
"Basingstoke
","Conservative
","Maria Miller
","Conservative
","Seat held
",https://en.wikipedia.org/wiki/Maria_Miller_(politician),1964-03-26
"Bassetlaw
","Vacant[g]
","Brendan Clarke-Smith
","Conservative
","Previous incumbent, John Mann, did not stand
",https://en.wikipedia.org/wiki/Brendan_Clarke-Smith,1980-08-17
"Bath
","Liberal Democrats
","Wera Hobhouse
","Liberal Democrats
","Seat held
",https://en.wikipedia.org/wiki/Wera_Hobhouse,1960-02-08
"Batley and Spen
","Labour Co-operative
","Tracy Brabin
","Labour Co-operative
","Seat held
",https://en.wikipedia.org/wiki/Tracy_Brabin,1961-05-09
"Battersea
","Labour
","Marsha de Cordova
","Labour
","Seat held
",https://en.wikipedia.org/wiki/Marsha_de_Cordova,1976-01-23
"Beaconsfield
","Independent[h]
","Joy Morrissey
","Conservative
","Defeated incumbent, Dominic Grieve
",https://en.wikipedia.org/wiki/Joy_Morrissey,1981-01-30
"Beckenham
","Conservative
","Bob Stewart
","Conservative
","Seat held
",https://en.wikipedia.org/wiki/Bob_Stewart_(politician),1949-07-07
"Bedford
","Labour
","Mohammad Yasin
","Labour
","Seat held
",https://en.wikipedia.org/wiki/Mohammad_Yasin_(politician),1971-10-15
"Belfast East
","DUP
","Gavin Robinson
","DUP
","Seat held
",https://en.wikipedia.org/wiki/Gavin_Robinson,1984-11-22
"Belfast North
","DUP
","John Finucane
","Sinn Féin
","Defeated incumbent, Nigel Dodds
",https://en.wikipedia.org/wiki/John_Finucane_(Sinn_F%C3%A9in_politician),
"Belfast South
","DUP
","Claire Hanna
","SDLP
","Defeated incumbent, Emma Little-Pengelly
",https://en.wikipedia.org/wiki/Claire_Hanna,1980-06-19
"Belfast West
","Sinn Féin
","Paul Maskey
","Sinn Féin
","Seat held
",https://en.wikipedia.org/wiki/Paul_Maskey,1967-06-10
"Bermondsey and Old Southwark
","Labour
","Neil Coyle
","Labour
","Seat held
",https://en.wikipedia.org/wiki/Neil_Coyle,1978-12-30
"Berwick-upon-Tweed
","Conservative
","Anne-Marie Trevelyan
","Conservative
","Seat held
",https://en.wikipedia.org/wiki/Anne-Marie_Trevelyan,1969-04-06
"Berwickshire, Roxburgh and Selkirk
","Conservative
","John Lamont
","Conservative
","Seat held
",https://en.wikipedia.org/wiki/John_Lamont,1976-04-15
"Bethnal Green and Bow
","Labour
","Rushanara Ali
","Labour
","Seat held
",https://en.wikipedia.org/wiki/Rushanara_Ali,1975-03-14
"Beverley and Holderness
","Conservative
","Graham Stuart
","Conservative
","Seat held
",https://en.wikipedia.org/wiki/Graham_Stuart_(politician),1962-03-12
"Bexhill and Battle
","Conservative
","Huw Merriman
","Conservative
","Seat held
",https://en.wikipedia.org/wiki/Huw_Merriman,1973-07-13
"Bexleyheath and Crayford
","Conservative
","David Evennett
","Conservative
","Seat held
",https://en.wikipedia.org/wiki/David_Evennett,1949-06-03
"Birkenhead
","Birkenhead Social Justice[g]
","Mick Whitley
","Labour
","Defeated incumbent, Frank Field
",https://en.wikipedia.org/wiki/Mick_Whitley,1951-11-17
"Birmingham Edgbaston
","Labour Co-operative
","Preet Gill
","Labour Co-operative
","Seat held
",https://en.wikipedia.org/wiki/Preet_Gill,1972-11-21
"Birmingham Erdington
","Labour
","Jack Dromey
","Labour
","Seat held
",https://en.wikipedia.org/wiki/Jack_Dromey,1948-09-29
"Birmingham Hall Green
","Labour
","Tahir Ali
","Labour
","Defeated incumbent, Roger Godsiff
",https://en.wikipedia.org/wiki/Tahir_Ali,1971-10-15
"Birmingham Hodge Hill
","Labour
","Liam Byrne
","Labour
","Seat held
",https://en.wikipedia.org/wiki/Liam_Byrne,1970-10-02
"Birmingham Ladywood
","Labour
","Shabana Mahmood
","Labour
","Seat held
",https://en.wikipedia.org/wiki/Shabana_Mahmood,1980-09-17
"Birmingham Northfield
","Labour
","Gary Sambrook
","Conservative
","Defeated incumbent, Richard Burden
",https://en.wikipedia.org/wiki/Gary_Sambrook,1989-06-25
"Birmingham Perry Barr
","Labour
","Khalid Mahmood
","Labour
","Seat held
",https://en.wikipedia.org/wiki/Khalid_Mahmood_(British_politician),1961-07-13
"Birmingham Selly Oak
","Labour
","Steve McCabe
","Labour
","Seat held
",https://en.wikipedia.org/wiki/Steve_McCabe,1955-08-04
"Birmingham Yardley
","Labour
","Jess Phillips
","Labour
","Seat held
",https://en.wikipedia.org/wiki/Jess_Phillips,1981-10-09
"Bishop Auckland
","Labour
","Dehenna Davison
","Conservative
","Defeated incumbent, Helen Goodman
",https://en.wikipedia.org/wiki/Dehenna_Davison,1993-07-27
"Blackburn
","Labour
","Kate Hollern
","Labour
","Seat held
",https://en.wikipedia.org/wiki/Kate_Hollern,1955-04-12
"Blackley and Broughton
","Labour
","Graham Stringer
","Labour
","Seat held
",https://en.wikipedia.org/wiki/Graham_Stringer,1950-02-17
"Blackpool North and Cleveleys
","Conservative
","Paul Maynard
","Conservative
","Seat held
",https://en.wikipedia.org/wiki/Paul_Maynard,1975-12-16
"Blackpool South
","Labour
","Scott Benton
","Conservative
","Defeated incumbent, Gordon Marsden
",https://en.wikipedia.org/wiki/Scott_Benton_(politician),1987-07-01
"Blaenau Gwent
","Labour
","Nick Smith
","Labour
","Seat held
",https://en.wikipedia.org/wiki/Nick_Smith_(British_politician),1960-01-14
"Blaydon
","Labour
","Liz Twist
","Labour
","Seat held
",https://en.wikipedia.org/wiki/Liz_Twist,1956-07-10
"Blyth Valley
","Labour
","Ian Levy
","Conservative
","Previous incumbent, Ronnie Campbell, did not stand
",https://en.wikipedia.org/wiki/Ian_Levy,1966-02-14
"Bognor Regis and Littlehampton
","Conservative
","Nick Gibb
","Conservative
","Seat held
",https://en.wikipedia.org/wiki/Nick_Gibb,1960-09-03
"Bolsover
","Labour
","Mark Fletcher
","Conservative
","Defeated incumbent, Dennis Skinner
",https://en.wikipedia.org/wiki/Mark_Fletcher_(politician),1985-09-29
"Bolton North East
","Labour
","Mark Logan
","Conservative
","Defeated incumbent, David Crausby
",https://en.wikipedia.org/wiki/Mark_Logan_(politician),1984-01-28
"Bolton South East
","Labour
","Yasmin Qureshi
","Labour
","Seat held
",https://en.wikipedia.org/wiki/Yasmin_Qureshi,1963-07-05
"Bolton West
","Conservative
","Chris Green
","Conservative
","Seat held
",https://en.wikipedia.org/wiki/Chris_Green_(politician),1973-08-12
"Bootle
","Labour
","Peter Dowd
","Labour
","Seat held
",https://en.wikipedia.org/wiki/Peter_Dowd,1957-06-20
"Boston and Skegness
","Conservative
","Matt Warman
","Conservative
","Seat held
",https://en.wikipedia.org/wiki/Matt_Warman,1981-09-01
"Bosworth
","Conservative
","Luke Evans
","Conservative
","Previous incumbent, David Tredinnick, did not stand
",https://en.wikipedia.org/wiki/Luke_Evans_(politician),1983-01-10
"Bournemouth East
","Conservative
","Tobias Ellwood
","Conservative
","Seat held
",https://en.wikipedia.org/wiki/Tobias_Ellwood,1966-08-12
"Bournemouth West
","Conservative
","Conor Burns
","Conservative
","Seat held
",https://en.wikipedia.org/wiki/Conor_Burns,1972-09-24
"Bracknell
","Liberal Democrats[h]
","James Sunderland
","Conservative
","Previous incumbent, Phillip Lee, did not stand
",https://en.wikipedia.org/wiki/James_Sunderland_(politician),1970-06-06
"Bradford East
","Labour
","Imran Hussain
","Labour
","Seat held
",https://en.wikipedia.org/wiki/Imran_Hussain_(British_politician),1978-06-07
"Bradford South
","Labour
","Judith Cummins
","Labour
","Seat held
",https://en.wikipedia.org/wiki/Judith_Cummins,1967-06-26
"Bradford West
","Labour
","Naseem Shah
","Labour
","Seat held
",https://en.wikipedia.org/wiki/Naz_Shah,1973-11-13
"Braintree
","Conservative
","James Cleverly
","Conservative
","Seat held
",https://en.wikipedia.org/wiki/James_Cleverly,1969-09-04
"Brecon and Radnorshire
","Liberal Democrats[i]
","Fay Jones
","Conservative
","Defeated incumbent, Jane Dodds
",https://en.wikipedia.org/wiki/Fay_Jones_(politician),1985-01-18
"Brent Central
","Labour
","Dawn Butler
","Labour
","Seat held
",https://en.wikipedia.org/wiki/Dawn_Butler,1969-11-03
"Brent North
","Labour
","Barry Gardiner
","Labour
","Seat held
",https://en.wikipedia.org/wiki/Barry_Gardiner,1957-03-10
"Brentford and Isleworth
","Labour
","Ruth Cadbury
","Labour
","Seat held
",https://en.wikipedia.org/wiki/Ruth_Cadbury,1959-05-14
"Brentwood and Ongar
","Conservative
","Alex Burghart
","Conservative
","Seat held
",https://en.wikipedia.org/wiki/Alex_Burghart,
"Bridgend
","Labour
","Jamie Wallis
","Conservative
","Defeated incumbent, Madeleine Moon
",https://en.wikipedia.org/wiki/Jamie_Wallis,1984-06-02
"Bridgwater and West Somerset
","Conservative
","Ian Liddell-Grainger
","Conservative
","Seat held
",https://en.wikipedia.org/wiki/Ian_Liddell-Grainger,1959-02-23
"Brigg and Goole
","Conservative
","Andrew Percy
","Conservative
","Seat held
",https://en.wikipedia.org/wiki/Andrew_Percy,1977-09-18
"Brighton Kemptown
","Labour Co-operative
","Lloyd Russell-Moyle
","Labour Co-operative
","Seat held
",https://en.wikipedia.org/wiki/Lloyd_Russell-Moyle,1986-09-14
"Brighton Pavilion
","Green
","Caroline Lucas
","Green
","Seat held
",https://en.wikipedia.org/wiki/Caroline_Lucas,1960-12-09
"Bristol East
","Labour
","Kerry McCarthy
","Labour
","Seat held
",https://en.wikipedia.org/wiki/Kerry_McCarthy,1965-03-26
"Bristol North West
","Labour
","Darren Jones
","Labour
","Seat held
",https://en.wikipedia.org/wiki/Darren_Jones_(politician),1986-11-13
"Bristol South
","Labour
","Karin Smyth
","Labour
","Seat held
",https://en.wikipedia.org/wiki/Karin_Smyth,1964-09-08
"Bristol West
","Labour
","Thangam Debbonaire
","Labour
","Seat held
",https://en.wikipedia.org/wiki/Thangam_Debbonaire,1966-08-03
"Broadland
","Conservative
","Jerome Mayhew
","Conservative
","Previous incumbent, Keith Simpson, did not stand
",https://en.wikipedia.org/wiki/Jerome_Mayhew,1970-04-11
"Bromley and Chislehurst
","Conservative
","Bob Neill
","Conservative
","Seat held
",https://en.wikipedia.org/wiki/Bob_Neill,1952-06-24
"Bromsgrove
","Conservative
","Sajid Javid
","Conservative
","Seat held
",https://en.wikipedia.org/wiki/Sajid_Javid,1969-12-05
"Broxbourne
","Conservative
","Charles Walker
","Conservative
","Seat held
",https://en.wikipedia.org/wiki/Charles_Walker_(British_politician),1967-09-11
"Broxtowe
","Change UK[h]
","Darren Henry
","Conservative
","Defeated incumbent, Anna Soubry
",https://en.wikipedia.org/wiki/Darren_Henry,1968-08-04
"Buckingham
","Vacant[j]
","Greg Smith
","Conservative
","Previous incumbent, John Bercow, did not stand
",https://en.wikipedia.org/wiki/Greg_Smith_(British_politician),1979-03-03
"Burnley
","Labour
","Antony Higginbotham
","Conservative
","Defeated incumbent, Julie Cooper
",https://en.wikipedia.org/wiki/Antony_Higginbotham,1989-12-16
"Burton
","Conservative
","Kate Kniveton
","Conservative
","Previous incumbent, Andrew Griffiths, did not stand
",https://en.wikipedia.org/wiki/Kate_Kniveton,
"Bury North
","Labour
","James Daly
","Conservative
","Defeated incumbent, James Frith
",https://en.wikipedia.org/wiki/James_Daly_(English_politician),1980-03-19
"Bury South
","Independent[g]
","Christian Wakeford
","Conservative
","Defeated incumbent, Ivan Lewis
",https://en.wikipedia.org/wiki/Christian_Wakeford,1984-11-09
"Bury St Edmunds
","Conservative
","Jo Churchill
","Conservative
","Seat held
",https://en.wikipedia.org/wiki/Jo_Churchill,
"Caerphilly
","Labour
","Wayne David
","Labour
","Seat held
",https://en.wikipedia.org/wiki/Wayne_David,1957-07-01
"Caithness, Sutherland and Easter Ross
","Liberal Democrats
","Jamie Stone
","Liberal Democrats
","Seat held
",https://en.wikipedia.org/wiki/Jamie_Stone_(politician),1954-06-16
"Calder Valley
","Conservative
","Craig Whittaker
","Conservative
","Seat held
",https://en.wikipedia.org/wiki/Craig_Whittaker,1962-08-30
"Camberwell and Peckham
","Labour
","Harriet Harman
","Labour
","Seat held
",https://en.wikipedia.org/wiki/Harriet_Harman,1950-07-30
"Camborne and Redruth
","Conservative
","George Eustice
","Conservative
","Seat held
",https://en.wikipedia.org/wiki/George_Eustice,1971-09-28
"Cambridge
","Labour
","Daniel Zeichner
","Labour
","Seat held
",https://en.wikipedia.org/wiki/Daniel_Zeichner,1956-11-09
"Cannock Chase
","Conservative
","Amanda Milling
","Conservative
","Seat held
",https://en.wikipedia.org/wiki/Amanda_Milling,1975-03-12
"Canterbury
","Labour
","Rosie Duffield
","Labour
","Seat held
",https://en.wikipedia.org/wiki/Rosie_Duffield,1971-07-01
"Cardiff Central
","Labour
","Jo Stevens
","Labour
","Seat held
",https://en.wikipedia.org/wiki/Jo_Stevens,1966-09-06
"Cardiff North
","Labour
","Anna McMorrin
","Labour
","Seat held
",https://en.wikipedia.org/wiki/Anna_McMorrin,1971-09-24
"Cardiff South and Penarth
","Labour Co-operative
","Stephen Doughty
","Labour Co-operative
","Seat held
",https://en.wikipedia.org/wiki/Stephen_Doughty,1980-04-15
"Cardiff West
","Labour
","Kevin Brennan
","Labour
","Seat held
",https://en.wikipedia.org/wiki/Kevin_Brennan_(politician),1959-10-16
"Carlisle
","Conservative
","John Stevenson
","Conservative
","Seat held
",https://en.wikipedia.org/wiki/John_Stevenson_(British_politician),1963-07-04
"Carmarthen East and Dinefwr
","Plaid Cymru
","Jonathan Edwards
","Plaid Cymru
","Seat held
",https://en.wikipedia.org/wiki/Jonathan_Edwards_(Welsh_politician),1976-04-26
"Carmarthen West and South Pembrokeshire
","Conservative
","Simon Hart
","Conservative
","Seat held
",https://en.wikipedia.org/wiki/Simon_Hart,1963-08-15
"Carshalton and Wallington
","Liberal Democrats
","Elliot Colburn
","Conservative
","Defeated incumbent, Tom Brake
",https://en.wikipedia.org/wiki/Elliot_Colburn,1992-08-06
"Castle Point
","Conservative
","Rebecca Harris
","Conservative
","Seat held
",https://en.wikipedia.org/wiki/Rebecca_Harris,1967-12-22
"Central Ayrshire
","Scottish National
","Philippa Whitford
","Scottish National
","Seat held
",https://en.wikipedia.org/wiki/Philippa_Whitford,1958-12-24
"Central Devon
","Conservative
","Mel Stride
","Conservative
","Seat held
",https://en.wikipedia.org/wiki/Mel_Stride,1961-09-30
"Central Suffolk and North Ipswich
","Conservative
","Dan Poulter
","Conservative
","Seat held
",https://en.wikipedia.org/wiki/Dan_Poulter,1978-10-30
"Ceredigion
","Plaid Cymru
","Ben Lake
","Plaid Cymru
","Seat held
",https://en.wikipedia.org/wiki/Ben_Lake,1993-01-22
"Charnwood
","Conservative
","Edward Argar
","Conservative
","Seat held
",https://en.wikipedia.org/wiki/Edward_Argar,1977-12-09
"Chatham and Aylesford
","Conservative
","Tracey Crouch
","Conservative
","Seat held
",https://en.wikipedia.org/wiki/Tracey_Crouch,1975-07-24
"Cheadle
","Conservative
","Mary Robinson
","Conservative
","Seat held
",https://en.wikipedia.org/wiki/Mary_Robinson_(British_politician),1955-08-23
"Chelmsford
","Conservative
","Vicky Ford
","Conservative
","Seat held
",https://en.wikipedia.org/wiki/Vicky_Ford,1967-09-21
"Chelsea and Fulham
","Conservative
","Greg Hands
","Conservative
","Seat held
",https://en.wikipedia.org/wiki/Greg_Hands,1965-11-14
"Cheltenham
","Conservative
","Alex Chalk
","Conservative
","Seat held
",https://en.wikipedia.org/wiki/Alex_Chalk,1976-08-08
"Chesham and Amersham
","Conservative
","Cheryl Gillan
","Conservative
","Seat held
",https://en.wikipedia.org/wiki/Cheryl_Gillan,1952-04-21
"Chesterfield
","Labour
","Toby Perkins
","Labour
","Seat held
",https://en.wikipedia.org/wiki/Toby_Perkins,1970-08-12
"Chichester
","Conservative
","Gillian Keegan
","Conservative
","Seat held
",https://en.wikipedia.org/wiki/Gillian_Keegan,1968-03-13
"Chingford and Woodford Green
","Conservative
","Iain Duncan Smith
","Conservative
","Seat held
",https://en.wikipedia.org/wiki/Iain_Duncan_Smith,1954-04-09
"Chippenham
","Conservative
","Michelle Donelan
","Conservative
","Seat held
",https://en.wikipedia.org/wiki/Michelle_Donelan,1984-04-08
"Chipping Barnet
","Conservative
","Theresa Villiers
","Conservative
","Seat held
",https://en.wikipedia.org/wiki/Theresa_Villiers,1968-03-05
"Chorley
","Speaker[g]
","Lindsay Hoyle
","Speaker
","Seat held
",https://en.wikipedia.org/wiki/Lindsay_Hoyle,1957-06-10
"Christchurch
","Conservative
","Christopher Chope
","Conservative
","Seat held
",https://en.wikipedia.org/wiki/Christopher_Chope,1947-05-19
"Cities of London and Westminster
","Conservative
","Nickie Aiken
","Conservative
","Previous incumbent, Mark Field, did not stand
",https://en.wikipedia.org/wiki/Nickie_Aiken,1969-02-04
"City of Chester
","Labour
","Chris Matheson
","Labour
","Seat held
",https://en.wikipedia.org/wiki/Chris_Matheson_(politician),1968-01-02
"City of Durham
","Labour
","Mary Foy
","Labour
","Previous incumbent, Roberta Blackman-Woods, did not stand
",https://en.wikipedia.org/wiki/Mary_Foy_(politician),1968-02-27
"Clacton
","Conservative
","Giles Watling
","Conservative
","Seat held
",https://en.wikipedia.org/wiki/Giles_Watling,1953-02-18
"Cleethorpes
","Conservative
","Martin Vickers
","Conservative
","Seat held
",https://en.wikipedia.org/wiki/Martin_Vickers,1950-09-13
"Clwyd South
","Labour
","Simon Baynes
","Conservative
","Defeated incumbent, Susan Elan Jones
",https://en.wikipedia.org/wiki/Simon_Baynes,1960-04-21
"Clwyd West
","Conservative
","David Jones
","Conservative
","Seat held
",https://en.wikipedia.org/wiki/David_Jones_(Clwyd_West_MP),1952-03-22
"Coatbridge, Chryston and Bellshill
","Labour
","Steven Bonnar
","Scottish National
","Defeated incumbent, Hugh Gaffney
",https://en.wikipedia.org/wiki/Steven_Bonnar,1981-08-27
"Colchester
","Conservative
","Will Quince
","Conservative
","Seat held
",https://en.wikipedia.org/wiki/Will_Quince,1982-12-27
"Colne Valley
","Labour
","Jason McCartney
","Conservative
","Defeated incumbent, Thelma Walker
",https://en.wikipedia.org/wiki/Jason_McCartney_(politician),1968-01-29
"Congleton
","Conservative
","Fiona Bruce
","Conservative
","Seat held
",https://en.wikipedia.org/wiki/Fiona_Bruce_(politician),1957-03-26
"Copeland
","Conservative
","Trudy Harrison
","Conservative
","Seat held
",https://en.wikipedia.org/wiki/Trudy_Harrison,1976-04-19
"Corby
","Conservative
","Tom Pursglove
","Conservative
","Seat held
",https://en.wikipedia.org/wiki/Tom_Pursglove,1988-11-05
"Coventry North East
","Labour
","Colleen Fletcher
","Labour
","Seat held
",https://en.wikipedia.org/wiki/Colleen_Fletcher,1954-11-23
"Coventry North West
","Labour
","Taiwo Owatemi
","Labour
","Previous incumbent, Geoffrey Robinson, did not stand
",https://en.wikipedia.org/wiki/Taiwo_Owatemi,1992-07-22
"Coventry South
","Labour
","Zarah Sultana
","Labour
","Previous incumbent, Jim Cunningham, did not stand
",https://en.wikipedia.org/wiki/Zarah_Sultana,1993-10-31
"Crawley
","Conservative
","Henry Smith
","Conservative
","Seat held
",https://en.wikipedia.org/wiki/Henry_Smith_(British_politician),1969-05-14
"Crewe and Nantwich
","Labour
","Kieran Mullan
","Conservative
","Defeated incumbent, Laura Smith
",https://en.wikipedia.org/wiki/Kieran_Mullan,1984-06-06
"Croydon Central
","Labour
","Sarah Jones
","Labour
","Seat held
",https://en.wikipedia.org/wiki/Sarah_Jones_(politician),1972-12-20
"Croydon North
","Labour Co-operative
","Steve Reed
","Labour Co-operative
","Seat held
",https://en.wikipedia.org/wiki/Steve_Reed_(politician),1963-11-12
"Croydon South
","Conservative
","Chris Philp
","Conservative
","Seat held
",https://en.wikipedia.org/wiki/Chris_Philp,1976-07-06
"Cumbernauld, Kilsyth and Kirkintilloch East
","Scottish National
","Stuart McDonald
","Scottish National
","Seat held
",https://en.wikipedia.org/wiki/Stuart_McDonald_(Scottish_politician),1978-05-02
"Cynon Valley
","Labour
","Beth Winter
","Labour
","Previous incumbent, Ann Clwyd, did not stand
",https://en.wikipedia.org/wiki/Beth_Winter,1974-10-04
"Dagenham and Rainham
","Labour
","Jon Cruddas
","Labour
","Seat held
",https://en.wikipedia.org/wiki/Jon_Cruddas,1962-04-07
"Darlington
","Labour
","Peter Gibson
","Conservative
","Defeated incumbent, Jenny Chapman
",https://en.wikipedia.org/wiki/Peter_Gibson_(politician),1975-05-22
"Dartford
","Conservative
","Gareth Johnson
","Conservative
","Seat held
",https://en.wikipedia.org/wiki/Gareth_Johnson,1969-10-12
"Daventry
","Conservative
","Chris Heaton-Harris
","Conservative
","Seat held
",https://en.wikipedia.org/wiki/Chris_Heaton-Harris,1967-11-28
"Delyn
","Labour
","Rob Roberts
","Conservative
","Defeated incumbent, David Hanson
",https://en.wikipedia.org/wiki/Rob_Roberts_(politician),1979-10-15
"Denton and Reddish
","Labour
","Andrew Gwynne
","Labour
","Seat held
",https://en.wikipedia.org/wiki/Andrew_Gwynne,1974-06-04
"Derby North
","Independent[g]
","Amanda Solloway
","Conservative
","Defeated incumbent, Chris Williamson
",https://en.wikipedia.org/wiki/Amanda_Solloway,1961-06-06
"Derby South
","Labour
","Margaret Beckett
","Labour
","Seat held
",https://en.wikipedia.org/wiki/Margaret_Beckett,1943-01-15
"Derbyshire Dales
","Conservative
","Sarah Dines
","Conservative
","Previous incumbent, Patrick McLoughlin, did not stand
",https://en.wikipedia.org/wiki/Sarah_Dines,1965-05-27
"Devizes
","Conservative
","Danny Kruger
","Conservative
","Previous incumbent, Claire Perry, did not stand
",https://en.wikipedia.org/wiki/Danny_Kruger,1974-10-23
"Dewsbury
","Labour
","Mark Eastwood
","Conservative
","Defeated incumbent, Paula Sherriff
",https://en.wikipedia.org/wiki/Mark_Eastwood,1971-03-14
"Don Valley
","Labour
","Nicholas Fletcher
","Conservative
","Defeated incumbent, Caroline Flint
",https://en.wikipedia.org/wiki/Nick_Fletcher_(politician),1972-07-15
"Doncaster Central
","Labour
","Rosie Winterton
","Labour
","Seat held
",https://en.wikipedia.org/wiki/Rosie_Winterton,1958-08-10
"Doncaster North
","Labour
","Ed Miliband
","Labour
","Seat held
",https://en.wikipedia.org/wiki/Ed_Miliband,1969-12-24
"Dover
","Independent[h]
","Natalie Elphicke
","Conservative
","Previous incumbent, Charlie Elphicke, did not stand
",https://en.wikipedia.org/wiki/Natalie_Elphicke,1970-11-05
"Dudley North
","Independent[g]
","Marco Longhi
","Conservative
","Previous incumbent, Ian Austin, did not stand
",https://en.wikipedia.org/wiki/Marco_Longhi,1967-04-22
"Dudley South
","Conservative
","Mike Wood
","Conservative
","Seat held
",https://en.wikipedia.org/wiki/Mike_Wood_(Conservative_politician),1976-03-17
"Dulwich and West Norwood
","Labour
","Helen Hayes
","Labour
","Seat held
",https://en.wikipedia.org/wiki/Helen_Hayes_(politician),1974-08-08
"Dumfries and Galloway
","Conservative
","Alister Jack
","Conservative
","Seat held
",https://en.wikipedia.org/wiki/Alister_Jack,1963-07-07
"Dumfriesshire, Clydesdale and Tweeddale
","Conservative
","David Mundell
","Conservative
","Seat held
",https://en.wikipedia.org/wiki/David_Mundell,1962-05-27
"Dundee East
","Scottish National
","Stewart Hosie
","Scottish National
","Seat held
",https://en.wikipedia.org/wiki/Stewart_Hosie,1963-01-03
"Dundee West
","Scottish National
","Chris Law
","Scottish National
","Seat held
",https://en.wikipedia.org/wiki/Chris_Law,1969-10-21
"Dunfermline and West Fife
","Scottish National
","Douglas Chapman
","Scottish National
","Seat held
",https://en.wikipedia.org/wiki/Douglas_Chapman_(Scottish_politician),1955-01-05
"Dwyfor Meirionnydd
","Plaid Cymru
","Liz Saville-Roberts
","Plaid Cymru
","Seat held
",https://en.wikipedia.org/wiki/Liz_Saville-Roberts,1964-12-16
"Ealing Central and Acton
","Labour
","Rupa Huq
","Labour
","Seat held
",https://en.wikipedia.org/wiki/Rupa_Huq,1972-04-02
"Ealing North
","Labour
","James Murray
","Labour Co-operative
","Previous incumbent, Stephen Pound, did not stand
",https://en.wikipedia.org/wiki/James_Murray_(London_politician),1983-07-13
"Ealing Southall
","Labour
","Virendra Sharma
","Labour
","Seat held
",https://en.wikipedia.org/wiki/Virendra_Sharma,1947-04-05
"Easington
","Labour
","Grahame Morris
","Labour
","Seat held
",https://en.wikipedia.org/wiki/Grahame_Morris,1961-03-13
"East Antrim
","DUP
","Sammy Wilson
","DUP
","Seat held
",https://en.wikipedia.org/wiki/Sammy_Wilson_(politician),1953-04-04
"East Devon
","Conservative
","Simon Jupp
","Conservative
","Previous incumbent, Hugo Swire, did not stand
",https://en.wikipedia.org/wiki/Simon_Jupp,1985-09-08
"East Dunbartonshire
","Liberal Democrats
","Amy Callaghan
","Scottish National
","Defeated incumbent, Jo Swinson
",https://en.wikipedia.org/wiki/Amy_Callaghan,1992-05-21
"East Ham
","Labour
","Stephen Timms
","Labour
","Seat held
",https://en.wikipedia.org/wiki/Stephen_Timms,1955-07-29
"East Hampshire
","Conservative
","Damian Hinds
","Conservative
","Seat held
",https://en.wikipedia.org/wiki/Damian_Hinds,1969-11-27
"East Kilbride, Strathaven and Lesmahagow
","Scottish National
","Lisa Cameron
","Scottish National
","Seat held
",https://en.wikipedia.org/wiki/Lisa_Cameron,1972-04-08
"East Londonderry
","DUP
","Gregory Campbell
","DUP
","Seat held
",https://en.wikipedia.org/wiki/Gregory_Campbell_(politician),1953-02-15
"East Lothian
","Labour
","Kenny MacAskill
","Scottish National
","Defeated incumbent, Martin Whitfield
",https://en.wikipedia.org/wiki/Kenny_MacAskill,1958-04-28
"East Renfrewshire
","Conservative
","Kirsten Oswald
","Scottish National
","Defeated incumbent, Paul Masterton
",https://en.wikipedia.org/wiki/Kirsten_Oswald,1972-12-21
"East Surrey
","Liberal Democrats[h]
","Claire Coutinho
","Conservative
","Previous incumbent, Sam Gyimah, did not stand
",https://en.wikipedia.org/wiki/Claire_Coutinho,1985-07-08
"East Worthing and Shoreham
","Conservative
","Tim Loughton
","Conservative
","Seat held
",https://en.wikipedia.org/wiki/Tim_Loughton,1962-05-30
"East Yorkshire
","Conservative
","Greg Knight
","Conservative
","Seat held
",https://en.wikipedia.org/wiki/Greg_Knight,1949-04-04
"Eastbourne
","Liberal Democrats
","Caroline Ansell
","Conservative
","Defeated incumbent, Stephen Lloyd
",https://en.wikipedia.org/wiki/Caroline_Ansell,1971-01-12
"Eastleigh
","Conservative
","Paul Holmes
","Conservative
","Previous incumbent, Mims Davies, stood for Mid Sussex
",https://en.wikipedia.org/wiki/Paul_Holmes_(Eastleigh_MP),1988-08-25
"Eddisbury
","Liberal Democrats[h]
","Edward Timpson
","Conservative
","Defeated incumbent, Antoinette Sandbach
",https://en.wikipedia.org/wiki/Edward_Timpson,1973-12-26
"Edinburgh East
","Scottish National
","Tommy Sheppard
","Scottish National
","Seat held
",https://en.wikipedia.org/wiki/Tommy_Sheppard_(politician),1959-03-06
"Edinburgh North and Leith
","Scottish National
","Deidre Brock
","Scottish National
","Seat held
",https://en.wikipedia.org/wiki/Deidre_Brock,1961-12-08
"Edinburgh South
","Labour
","Ian Murray
","Labour
","Seat held
",https://en.wikipedia.org/wiki/Ian_Murray_(Scottish_politician),1976-08-10
"Edinburgh South West
","Scottish National
","Joanna Cherry
","Scottish National
","Seat held
",https://en.wikipedia.org/wiki/Joanna_Cherry,1966-03-18
"Edinburgh West
","Liberal Democrats
","Christine Jardine
","Liberal Democrats
","Seat held
",https://en.wikipedia.org/wiki/Christine_Jardine,1960-11-24
"Edmonton
","Labour Co-operative
","Kate Osamor
","Labour Co-operative
","Seat held
",https://en.wikipedia.org/wiki/Kate_Osamor,1968-08-15
"Ellesmere Port and Neston
","Labour
","Justin Madders
","Labour
","Seat held
",https://en.wikipedia.org/wiki/Justin_Madders,1972-11-22
"Elmet and Rothwell
","Conservative
","Alec Shelbrooke
","Conservative
","Seat held
",https://en.wikipedia.org/wiki/Alec_Shelbrooke,1976-01-10
"Eltham
","Labour
","Clive Efford
","Labour
","Seat held
",https://en.wikipedia.org/wiki/Clive_Efford,1958-07-10
"Enfield North
","Change UK[g]
","Feryal Clark
","Labour
","Previous incumbent, Joan Ryan, did not stand
",https://en.wikipedia.org/wiki/Feryal_Clark,1979-01-06
"Enfield Southgate
","Labour
","Bambos Charalambous
","Labour
","Seat held
",https://en.wikipedia.org/wiki/Bambos_Charalambous,1967-12-02
"Epping Forest
","Conservative
","Eleanor Laing
","Conservative
","Seat held
",https://en.wikipedia.org/wiki/Eleanor_Laing,1958-02-01
"Epsom and Ewell
","Conservative
","Chris Grayling
","Conservative
","Seat held
",https://en.wikipedia.org/wiki/Chris_Grayling,1962-04-01
"Erewash
","Conservative
","Maggie Throup
","Conservative
","Seat held
",https://en.wikipedia.org/wiki/Maggie_Throup,1957-01-27
"Erith and Thamesmead
","Labour
","Abena Oppong-Asare
","Labour
","Previous incumbent, Teresa Pearce, did not stand
",https://en.wikipedia.org/wiki/Abena_Oppong-Asare,1983-02-08
"Esher and Walton
","Conservative
","Dominic Raab
","Conservative
","Seat held
",https://en.wikipedia.org/wiki/Dominic_Raab,1974-02-25
"Exeter
","Labour
","Ben Bradshaw
","Labour
","Seat held
",https://en.wikipedia.org/wiki/Ben_Bradshaw,1960-08-30
"Falkirk
","Scottish National
","John McNally
","Scottish National
","Seat held
",https://en.wikipedia.org/wiki/John_McNally_(politician),1951-02-01
"Fareham
","Conservative
","Suella Braverman
","Conservative
","Seat held
",https://en.wikipedia.org/wiki/Suella_Braverman,1980-04-03
"Faversham and Mid Kent
","Conservative
","Helen Whately
","Conservative
","Seat held
",https://en.wikipedia.org/wiki/Helen_Whately,1976-06-23
"Feltham and Heston
","Labour Co-operative
","Seema Malhotra
","Labour Co-operative
","Seat held
",https://en.wikipedia.org/wiki/Seema_Malhotra,1972-08-07
"Fermanagh and South Tyrone
","Sinn Féin
","Michelle Gildernew
","Sinn Féin
","Seat held
",https://en.wikipedia.org/wiki/Michelle_Gildernew,1970-03-28
"Filton and Bradley Stoke
","Conservative
","Jack Lopresti
","Conservative
","Seat held
",https://en.wikipedia.org/wiki/Jack_Lopresti,1969-08-23
"Finchley and Golders Green
","Conservative
","
Mike Freer

","Conservative
","Seat held
",https://en.wikipedia.org/wiki/Mike_Freer,1960-05-29
"Folkestone and Hythe
","Conservative
","Damian Collins
","Conservative
","Seat held
",https://en.wikipedia.org/wiki/Damian_Collins,1974-02-04
"Forest of Dean
","Conservative
","Mark Harper
","Conservative
","Seat held
",https://en.wikipedia.org/wiki/Mark_Harper,1970-02-26
"Foyle
","Sinn Féin
","Colum Eastwood
","SDLP
","Defeated incumbent, Elisha McCallion
",https://en.wikipedia.org/wiki/Colum_Eastwood,1983-04-30
"Fylde
","Conservative
","Mark Menzies
","Conservative
","Seat held
",https://en.wikipedia.org/wiki/Mark_Menzies,1971-05-18
"Gainsborough
","Conservative
","Edward Leigh
","Conservative
","Seat held
",https://en.wikipedia.org/wiki/Edward_Leigh,1950-07-20
"Garston and Halewood
","Labour
","Maria Eagle
","Labour
","Seat held
",https://en.wikipedia.org/wiki/Maria_Eagle,1961-02-17
"Gateshead
","Labour
","Ian Mearns
","Labour
","Seat held
",https://en.wikipedia.org/wiki/Ian_Mearns,1957-04-21
"Gedling
","Labour
","Tom Randall
","Conservative
","Defeated incumbent, Vernon Coaker
",https://en.wikipedia.org/wiki/Tom_Randall_(politician),1981-07-04
"Gillingham and Rainham
","Conservative
","Rehman Chishti
","Conservative
","Seat held
",https://en.wikipedia.org/wiki/Rehman_Chishti,1978-10-04
"Glasgow Central
","Scottish National
","Alison Thewliss
","Scottish National
","Seat held
",https://en.wikipedia.org/wiki/Alison_Thewliss,1982-09-13
"Glasgow East
","Scottish National
","David Linden
","Scottish National
","Seat held
",https://en.wikipedia.org/wiki/David_Linden_(politician),1990-05-14
"Glasgow North
","Scottish National
","Patrick Grady
","Scottish National
","Seat held
",https://en.wikipedia.org/wiki/Patrick_Grady,1980-02-05
"Glasgow North East
","Labour Co-operative
","Anne McLaughlin
","Scottish National
","Defeated incumbent, Paul Sweeney
",https://en.wikipedia.org/wiki/Anne_McLaughlin,1966-03-08
"Glasgow North West
","Scottish National
","Carol Monaghan
","Scottish National
","Seat held
",https://en.wikipedia.org/wiki/Carol_Monaghan,1972-08-02
"Glasgow South
","Scottish National
","Stewart McDonald
","Scottish National
","Seat held
",https://en.wikipedia.org/wiki/Stewart_McDonald_(politician),1986-08-24
"Glasgow South West
","Scottish National
","Chris Stephens
","Scottish National
","Seat held
",https://en.wikipedia.org/wiki/Chris_Stephens,1973-03-20
"Glenrothes
","Scottish National
","Peter Grant
","Scottish National
","Seat held
",https://en.wikipedia.org/wiki/Peter_Grant_(politician),1960-10-12
"Gloucester
","Conservative
","Richard Graham
","Conservative
","Seat held
",https://en.wikipedia.org/wiki/Richard_Graham_(politician),1958-04-04
"Gordon
","Conservative
","Richard Thomson
","Scottish National
","Defeated incumbent, Colin Clark
",https://en.wikipedia.org/wiki/Richard_Thomson_(politician),1976-06-16
"Gosport
","Conservative
","Caroline Dinenage
","Conservative
","Seat held
",https://en.wikipedia.org/wiki/Caroline_Dinenage,1971-10-28
"Gower
","Labour
","Tonia Antoniazzi
","Labour
","Seat held
",https://en.wikipedia.org/wiki/Tonia_Antoniazzi,1971-10-05
"Grantham and Stamford
","Independent[h]
","Gareth Davies
","Conservative
","Previous incumbent, Nick Boles, did not stand
",https://en.wikipedia.org/wiki/Gareth_Davies_(English_politician),1984-03-31
"Gravesham
","Conservative
","Adam Holloway
","Conservative
","Seat held
",https://en.wikipedia.org/wiki/Adam_Holloway,1965-07-29
"Great Grimsby
","Labour
","Lia Nici
","Conservative
","Defeated incumbent, Melanie Onn
",https://en.wikipedia.org/wiki/Lia_Nici,1969-08-01
"Great Yarmouth
","Conservative
","Brandon Lewis
","Conservative
","Seat held
",https://en.wikipedia.org/wiki/Brandon_Lewis,1971-06-20
"Greenwich and Woolwich
","Labour
","Matthew Pennycook
","Labour
","Seat held
",https://en.wikipedia.org/wiki/Matthew_Pennycook,1982-10-29
"Guildford
","Independent[h]
","Angela Richardson
","Conservative
","Defeated incumbent, Anne Milton
",https://en.wikipedia.org/wiki/Angela_Richardson,1974-10-21
"Hackney North and Stoke Newington
","Labour
","Diane Abbott
","Labour
","Seat held
",https://en.wikipedia.org/wiki/Diane_Abbott,1953-09-27
"Hackney South and Shoreditch
","Labour Co-operative
","Meg Hillier
","Labour Co-operative
","Seat held
",https://en.wikipedia.org/wiki/Meg_Hillier,1969-02-14
"Halesowen and Rowley Regis
","Conservative
","James Morris
","Conservative
","Seat held
",https://en.wikipedia.org/wiki/James_Morris_(British_politician),1967-02-04
"Halifax
","Labour
","Holly Lynch
","Labour
","Seat held
",https://en.wikipedia.org/wiki/Holly_Lynch,1986-10-08
"Haltemprice and Howden
","Conservative
","David Davis
","Conservative
","Seat held
",https://en.wikipedia.org/wiki/David_Davis_(British_politician),1948-12-23
"Halton
","Labour
","Derek Twigg
","Labour
","Seat held
",https://en.wikipedia.org/wiki/Derek_Twigg,1959-07-09
"Hammersmith
","Labour
","Andrew Slaughter
","Labour
","Seat held
",https://en.wikipedia.org/wiki/Andrew_Slaughter,1960-09-29
"Hampstead and Kilburn
","Labour
","Tulip Siddiq
","Labour
","Seat held
",https://en.wikipedia.org/wiki/Tulip_Siddiq,1982-09-16
"Harborough
","Conservative
","Neil O'Brien
","Conservative
","Seat held
",https://en.wikipedia.org/wiki/Neil_O%27Brien,1978-11-06
"Harlow
","Conservative
","Robert Halfon
","Conservative
","Seat held
",https://en.wikipedia.org/wiki/Robert_Halfon,1969-03-22
"Harrogate and Knaresborough
","Conservative
","Andrew Jones
","Conservative
","Seat held
",https://en.wikipedia.org/wiki/Andrew_Jones_(British_politician),1963-11-28
"Harrow East
","Conservative
","Bob Blackman
","Conservative
","Seat held
",https://en.wikipedia.org/wiki/Bob_Blackman,1956-04-26
"Harrow West
","Labour Co-operative
","Gareth Thomas
","Labour Co-operative
","Seat held
",https://en.wikipedia.org/wiki/Gareth_Thomas_(English_politician),1967-07-15
"Hartlepool
","Labour
","Mike Hill
","Labour
","Seat held
",https://en.wikipedia.org/wiki/Mike_Hill_(British_politician),1963-05-12
"Harwich and North Essex
","Conservative
","Bernard Jenkin
","Conservative
","Seat held
",https://en.wikipedia.org/wiki/Bernard_Jenkin,1959-04-09
"Hastings and Rye
","Independent[h]
","Sally-Ann Hart
","Conservative
","Previous incumbent, Amber Rudd, did not stand
",https://en.wikipedia.org/wiki/Sally-Ann_Hart,1968-03-06
"Havant
","Conservative
","Alan Mak
","Conservative
","Seat held
",https://en.wikipedia.org/wiki/Alan_Mak_(politician),1983-11-19
"Hayes and Harlington
","Labour
","John McDonnell
","Labour
","Seat held
",https://en.wikipedia.org/wiki/John_McDonnell,1951-09-08
"Hazel Grove
","Conservative
","William Wragg
","Conservative
","Seat held
",https://en.wikipedia.org/wiki/William_Wragg,1987-12-11
"Hemel Hempstead
","Conservative
","Mike Penning
","Conservative
","Seat held
",https://en.wikipedia.org/wiki/Mike_Penning,1957-09-28
"Hemsworth
","Labour
","Jon Trickett
","Labour
","Seat held
",https://en.wikipedia.org/wiki/Jon_Trickett,1950-07-02
"Hendon
","Conservative
","Matthew Offord
","Conservative
","Seat held
",https://en.wikipedia.org/wiki/Matthew_Offord,1969-09-03
"Henley
","Conservative
","John Howell
","Conservative
","Seat held
",https://en.wikipedia.org/wiki/John_Howell_(politician),1955-07-27
"Hereford and South Herefordshire
","Conservative
","Jesse Norman
","Conservative
","Seat held
",https://en.wikipedia.org/wiki/Jesse_Norman,1962-06-23
"Hertford and Stortford
","Conservative
","Julie Marson
","Conservative
","Previous incumbent, Mark Prisk, did not stand
",https://en.wikipedia.org/wiki/Julie_Marson,1965-03-23
"Hertsmere
","Conservative
","Oliver Dowden
","Conservative
","Seat held
",https://en.wikipedia.org/wiki/Oliver_Dowden,1978-08-01
"Hexham
","Conservative
","Guy Opperman
","Conservative
","Seat held
",https://en.wikipedia.org/wiki/Guy_Opperman,1965-05-18
"Heywood and Middleton
","Labour
","Chris Clarkson
","Conservative
","Defeated incumbent, Liz McInnes
",https://en.wikipedia.org/wiki/Chris_Clarkson_(politician),1982-11-12
"High Peak
","Labour
","Robert Largan
","Conservative
","Defeated incumbent, Ruth George
",https://en.wikipedia.org/wiki/Robert_Largan,1987-05-29
"Hitchin and Harpenden
","Conservative
","Bim Afolami
","Conservative
","Seat held
",https://en.wikipedia.org/wiki/Bim_Afolami,1986-02-11
"Holborn and St Pancras
","Labour
","Keir Starmer
","Labour
","Seat held
",https://en.wikipedia.org/wiki/Keir_Starmer,1962-09-02
"Hornchurch and Upminster
","Conservative
","Julia Lopez
","Conservative
","Seat held
",https://en.wikipedia.org/wiki/Julia_Lopez_(politician),
"Hornsey and Wood Green
","Labour
","Catherine West
","Labour
","Seat held
",https://en.wikipedia.org/wiki/Catherine_West,1966-09-14
"Horsham
","Conservative
","Jeremy Quin
","Conservative
","Seat held
",https://en.wikipedia.org/wiki/Jeremy_Quin,1968-09-24
"Houghton and Sunderland South
","Labour
","Bridget Phillipson
","Labour
","Seat held
",https://en.wikipedia.org/wiki/Bridget_Phillipson,1983-12-19
"Hove
","Labour
","Peter Kyle
","Labour
","Seat held
",https://en.wikipedia.org/wiki/Peter_Kyle,1970-09-09
"Huddersfield
","Labour Co-operative
","Barry Sheerman
","Labour Co-operative
","Seat held
",https://en.wikipedia.org/wiki/Barry_Sheerman,1940-08-17
"Huntingdon
","Conservative
","Jonathan Djanogly
","Conservative
","Seat held
",https://en.wikipedia.org/wiki/Jonathan_Djanogly,1965-06-03
"Hyndburn
","Labour
","Sara Britcliffe
","Conservative
","Defeated incumbent, Graham Jones
",https://en.wikipedia.org/wiki/Sara_Britcliffe,1995-02-21
"Ilford North
","Labour
","Wes Streeting
","Labour
","Seat held
",https://en.wikipedia.org/wiki/Wes_Streeting,1983-01-21
"Ilford South
","Change UK[f]
","Sam Tarry
","Labour
","Defeated incumbent, Mike Gapes
",https://en.wikipedia.org/wiki/Sam_Tarry,1982-08-27
"Inverclyde
","Scottish National
","Ronnie Cowan
","Scottish National
","Seat held
",https://en.wikipedia.org/wiki/Ronnie_Cowan_(politician),1959-09-06
"Inverness, Nairn, Badenoch and Strathspey
","Scottish National
","Drew Hendry
","Scottish National
","Seat held
",https://en.wikipedia.org/wiki/Drew_Hendry,1964-05-31
"Ipswich
","Labour
","Tom Hunt
","Conservative
","Defeated incumbent, Sandy Martin
",https://en.wikipedia.org/wiki/Tom_Hunt_(politician),1988-08-31
"Isle of Wight
","Conservative
","Bob Seely
","Conservative
","Seat held
",https://en.wikipedia.org/wiki/Bob_Seely,1966-06-01
"Islington North
","Labour
","Jeremy Corbyn
","Labour
","Seat held
",https://en.wikipedia.org/wiki/Jeremy_Corbyn,1949-05-26
"Islington South and Finsbury
","Labour
","Emily Thornberry
","Labour
","Seat held
",https://en.wikipedia.org/wiki/Emily_Thornberry,1960-07-27
"Islwyn
","Labour Co-operative
","Chris Evans
","Labour Co-operative
","Seat held
",https://en.wikipedia.org/wiki/Chris_Evans_(British_politician),1977-07-17
"Jarrow
","Independent[g]
","Kate Osborne
","Labour
","Previous incumbent, Stephen Hepburn, did not stand
",https://en.wikipedia.org/wiki/Kate_Osborne,
"Keighley
","Labour
","Robbie Moore
","Conservative
","Defeated incumbent, John Grogan
",https://en.wikipedia.org/wiki/Robbie_Moore_(Keighley_MP),1984-11-28
"Kenilworth and Southam
","Conservative
","Jeremy Wright
","Conservative
","Seat held
",https://en.wikipedia.org/wiki/Jeremy_Wright,1972-10-24
"Kensington
","Labour
","Felicity Buchan
","Conservative
","Defeated incumbent, Emma Dent Coad
",https://en.wikipedia.org/wiki/Felicity_Buchan,
"Kettering
","Conservative
","Philip Hollobone
","Conservative
","Seat held
",https://en.wikipedia.org/wiki/Philip_Hollobone,1964-11-07
"Kilmarnock and Loudoun
","Scottish National
","Alan Brown
","Scottish National
","Seat held
",https://en.wikipedia.org/wiki/Alan_Brown_(Scottish_politician),1970-08-12
"Kingston and Surbiton
","Liberal Democrats
","Edward Davey
","Liberal Democrats
","Seat held
",https://en.wikipedia.org/wiki/Edward_Davey,1965-12-25
"Kingston upon Hull East
","Labour
","Karl Turner
","Labour
","Seat held
",https://en.wikipedia.org/wiki/Karl_Turner_(British_politician),1971-04-15
"Kingston upon Hull North
","Labour
","Diana Johnson
","Labour
","Seat held
",https://en.wikipedia.org/wiki/Diana_Johnson,1966-07-25
"Kingston upon Hull West and Hessle
","Labour
","Emma Hardy
","Labour
","Seat held
",https://en.wikipedia.org/wiki/Emma_Hardy,1979-07-17
"Kingswood
","Conservative
","Chris Skidmore
","Conservative
","Seat held
",https://en.wikipedia.org/wiki/Chris_Skidmore,1981-05-17
"Kirkcaldy and Cowdenbeath
","Labour
","Neale Hanvey
","Scottish National[k]
","Defeated incumbent, Lesley Laird
",https://en.wikipedia.org/wiki/Neale_Hanvey,1964-12-28
"Knowsley
","Labour
","George Howarth
","Labour
","Seat held
",https://en.wikipedia.org/wiki/George_Howarth,1949-06-29
"Lagan Valley
","DUP
","Jeffrey Donaldson
","DUP
","Seat held
",https://en.wikipedia.org/wiki/Jeffrey_Donaldson,1962-12-07
"Lanark and Hamilton East
","Scottish National
","Angela Crawley
","Scottish National
","Seat held
",https://en.wikipedia.org/wiki/Angela_Crawley,1987-06-03
"Lancaster and Fleetwood
","Labour
","Cat Smith
","Labour
","Seat held
",https://en.wikipedia.org/wiki/Cat_Smith,1985-06-16
"Leeds Central
","Labour
","Hilary Benn
","Labour
","Seat held
",https://en.wikipedia.org/wiki/Hilary_Benn,1953-11-26
"Leeds East
","Labour
","Richard Burgon
","Labour
","Seat held
",https://en.wikipedia.org/wiki/Richard_Burgon,1980-09-19
"Leeds North East
","Labour
","Fabian Hamilton
","Labour
","Seat held
",https://en.wikipedia.org/wiki/Fabian_Hamilton,1955-04-12
"Leeds North West
","Labour Co-operative
","Alex Sobel
","Labour Co-operative
","Seat held
",https://en.wikipedia.org/wiki/Alex_Sobel,1975-04-26
"Leeds West
","Labour
","Rachel Reeves
","Labour
","Seat held
",https://en.wikipedia.org/wiki/Rachel_Reeves,1979-02-13
"Leicester East
","Labour
","Claudia Webbe
","Labour
","Previous incumbent, Keith Vaz, did not stand
",https://en.wikipedia.org/wiki/Claudia_Webbe,1965-03-08
"Leicester South
","Labour Co-operative
","Jon Ashworth
","Labour Co-operative
","Seat held
",https://en.wikipedia.org/wiki/Jon_Ashworth,1978-10-14
"Leicester West
","Labour
","Liz Kendall
","Labour
","Seat held
",https://en.wikipedia.org/wiki/Liz_Kendall,1971-06-11
"Leigh
","Labour Co-operative
","James Grundy
","Conservative
","Defeated incumbent, Joanne Platt
",https://en.wikipedia.org/wiki/James_Grundy_(politician),1978-12-08
"Lewes
","Conservative
","Maria Caulfield
","Conservative
","Seat held
",https://en.wikipedia.org/wiki/Maria_Caulfield,1973-08-06
"Lewisham East
","Labour
","Janet Daby
","Labour
","Seat held
",https://en.wikipedia.org/wiki/Janet_Daby,1970-12-15
"Lewisham West and Penge
","Labour
","Ellie Reeves
","Labour
","Seat held
",https://en.wikipedia.org/wiki/Ellie_Reeves,1980-12-11
"Lewisham Deptford
","Labour
","Vicky Foxcroft
","Labour
","Seat held
",https://en.wikipedia.org/wiki/Vicky_Foxcroft,1977-03-09
"Leyton and Wanstead
","Labour
","John Cryer
","Labour
","Seat held
",https://en.wikipedia.org/wiki/John_Cryer,1964-04-11
"Lichfield
","Conservative
","Michael Fabricant
","Conservative
","Seat held
",https://en.wikipedia.org/wiki/Michael_Fabricant,1950-06-12
"Lincoln
","Labour
","Karl McCartney
","Conservative
","Defeated incumbent, Karen Lee
",https://en.wikipedia.org/wiki/Karl_McCartney,1968-10-25
"Linlithgow and East Falkirk
","Scottish National
","Martyn Day
","Scottish National
","Seat held
",https://en.wikipedia.org/wiki/Martyn_Day_(politician),1971-03-26
"Liverpool Riverside
","Independent[f]
","Kim Johnson
","Labour
","Previous incumbent, Louise Ellman, did not stand
",https://en.wikipedia.org/wiki/Kim_Johnson_(politician),1966-08-25
"Liverpool Walton
","Labour
","Dan Carden
","Labour
","Seat held
",https://en.wikipedia.org/wiki/Dan_Carden,1986-10-28
"Liverpool Wavertree
","Liberal Democrats[f]
","Paula Barker
","Labour
","Previous incumbent, Luciana Berger, did not stand
",https://en.wikipedia.org/wiki/Paula_Barker,1972-05-09
"Liverpool West Derby
","Labour Co-operative
","Ian Byrne
","Labour
","Previous incumbent, Stephen Twigg, did not stand
",https://en.wikipedia.org/wiki/Ian_Byrne,
"Livingston
","Scottish National
","Hannah Bardell
","Scottish National
","Seat held
",https://en.wikipedia.org/wiki/Hannah_Bardell,1983-06-01
"Llanelli
","Labour
","Nia Griffith
","Labour
","Seat held
",https://en.wikipedia.org/wiki/Nia_Griffith,1956-12-04
"Loughborough
","Conservative
","Jane Hunt
","Conservative
","Previous incumbent, Nicky Morgan, did not stand
",https://en.wikipedia.org/wiki/Jane_Hunt_(politician),1966-06-04
"Louth and Horncastle
","Conservative
","Victoria Atkins
","Conservative
","Seat held
",https://en.wikipedia.org/wiki/Victoria_Atkins,1976-03-22
"Ludlow
","Conservative
","Philip Dunne
","Conservative
","Seat held
",https://en.wikipedia.org/wiki/Philip_Dunne_(Ludlow_MP),1958-08-14
"Luton North
","Independent[g]
","Sarah Owen
","Labour
","Previous incumbent, Kelvin Hopkins, did not stand
",https://en.wikipedia.org/wiki/Sarah_Owen,1983-01-11
"Luton South
","Independent (The Independents)[f]
","Rachel Hopkins
","Labour
","Defeated incumbent, Gavin Shuker
",https://en.wikipedia.org/wiki/Rachel_Hopkins,1972-03-30
"Macclesfield
","Conservative
","David Rutley
","Conservative
","Seat held
",https://en.wikipedia.org/wiki/David_Rutley,1961-03-07
"Maidenhead
","Conservative
","Theresa May
","Conservative
","Seat held
",https://en.wikipedia.org/wiki/Theresa_May,1956-10-01
"Maidstone and The Weald
","Conservative
","Helen Grant
","Conservative
","Seat held
",https://en.wikipedia.org/wiki/Helen_Grant_(politician),1961-09-28
"Makerfield
","Labour
","Yvonne Fovargue
","Labour
","Seat held
",https://en.wikipedia.org/wiki/Yvonne_Fovargue,1956-11-29
"Maldon
","Conservative
","John Whittingdale
","Conservative
","Seat held
",https://en.wikipedia.org/wiki/John_Whittingdale,1959-10-16
"Manchester Central
","Labour Co-operative
","Lucy Powell
","Labour Co-operative
","Seat held
",https://en.wikipedia.org/wiki/Lucy_Powell,1974-10-10
"Manchester Gorton
","Labour
","Afzal Khan
","Labour
","Seat held
",https://en.wikipedia.org/wiki/Afzal_Khan_(British_politician),1958-04-05
"Manchester Withington
","Labour
","Jeff Smith
","Labour
","Seat held
",https://en.wikipedia.org/wiki/Jeff_Smith_(British_politician),1963-01-26
"Mansfield
","Conservative
","Ben Bradley
","Conservative
","Seat held
",https://en.wikipedia.org/wiki/Ben_Bradley_(politician),1989-12-11
"Meon Valley
","Conservative
","Flick Drummond
","Conservative
","Previous incumbent, George Hollingbery, did not stand
",https://en.wikipedia.org/wiki/Flick_Drummond,1962-06-16
"Meriden
","Conservative
","Saqib Bhatti
","Conservative
","Previous incumbent, Caroline Spelman, did not stand
",https://en.wikipedia.org/wiki/Saqib_Bhatti,1985-06-18
"Merthyr Tydfil and Rhymney
","Labour
","Gerald Jones
","Labour
","Seat held
",https://en.wikipedia.org/wiki/Gerald_Jones,1970-08-21
"Mid Bedfordshire
","Conservative
","Nadine Dorries
","Conservative
","Seat held
",https://en.wikipedia.org/wiki/Nadine_Dorries,1957-05-21
"Mid Derbyshire
","Conservative
","Pauline Latham
","Conservative
","Seat held
",https://en.wikipedia.org/wiki/Pauline_Latham,1948-02-04
"Mid Dorset and North Poole
","Conservative
","Michael Tomlinson
","Conservative
","Seat held
",https://en.wikipedia.org/wiki/Michael_Tomlinson,1977-10-01
"Mid Norfolk
","Conservative
","George Freeman
","Conservative
","Seat held
",https://en.wikipedia.org/wiki/George_Freeman_(politician),1967-07-12
"Mid Sussex
","Conservative
","Mims Davies
","Conservative
","Previous incumbent, Nicholas Soames, did not stand. Davies was previously MP for Eastleigh
",https://en.wikipedia.org/wiki/Mims_Davies,1975-06-02
"Mid Ulster
","Sinn Féin
","Francie Molloy
","Sinn Féin
","Seat held
",https://en.wikipedia.org/wiki/Francie_Molloy,1950-12-16
"Mid Worcestershire
","Conservative
","Nigel Huddleston
","Conservative
","Seat held
",https://en.wikipedia.org/wiki/Nigel_Huddleston,1970-10-13
"Middlesbrough
","Labour
","Andy McDonald
","Labour
","Seat held
",https://en.wikipedia.org/wiki/Andy_McDonald_(politician),1958-03-08
"Middlesbrough South and East Cleveland
","Conservative
","Simon Clarke
","Conservative
","Seat held
",https://en.wikipedia.org/wiki/Simon_Clarke_(politician),1984-09-28
"Midlothian
","Labour
","Owen Thompson
","Scottish National
","Defeated incumbent, Danielle Rowley
",https://en.wikipedia.org/wiki/Owen_Thompson,1978-03-17
"Milton Keynes North
","Conservative
","Ben Everitt
","Conservative
","Previous incumbent, Mark Lancaster, did not stand
",https://en.wikipedia.org/wiki/Ben_Everitt,1979-11-22
"Milton Keynes South
","Conservative
","Iain Stewart
","Conservative
","Seat held
",https://en.wikipedia.org/wiki/Iain_Stewart_(politician),1972-09-18
"Mitcham and Morden
","Labour
","Siobhain McDonagh
","Labour
","Seat held
",https://en.wikipedia.org/wiki/Siobhain_McDonagh,1960-02-20
"Mole Valley
","Conservative
","
Paul Beresford

","Conservative
","Seat held
",https://en.wikipedia.org/wiki/Paul_Beresford,1946-04-06
"Monmouth
","Conservative
","David Davies
","Conservative
","Seat held
",https://en.wikipedia.org/wiki/David_Davies_(Welsh_politician),1970-07-27
"Montgomeryshire
","Conservative
","Craig Williams
","Conservative
","Previous incumbent, Glyn Davies, did not stand
",https://en.wikipedia.org/wiki/Craig_Williams_(British_politician),1985-06-07
"Moray
","Conservative
","Douglas Ross
","Conservative
","Seat held
",https://en.wikipedia.org/wiki/Douglas_Ross_(Scottish_politician),1983-01-27
"Morecambe and Lunesdale
","Conservative
","David Morris
","Conservative
","Seat held
",https://en.wikipedia.org/wiki/David_Morris_(Conservative_politician),1966-01-03
"Morley and Outwood
","Conservative
","Andrea Jenkyns
","Conservative
","Seat held
",https://en.wikipedia.org/wiki/Andrea_Jenkyns,1974-06-16
"Motherwell and Wishaw
","Scottish National
","Marion Fellows
","Scottish National
","Seat held
",https://en.wikipedia.org/wiki/Marion_Fellows,1949-05-05
"Na h-Eileanan an Iar
","Scottish National
","Angus MacNeil
","Scottish National
","Seat held
",https://en.wikipedia.org/wiki/Angus_MacNeil,1970-07-21
"Neath
","Labour Co-operative
","Christina Rees
","Labour Co-operative
","Seat held
",https://en.wikipedia.org/wiki/Christina_Rees,1954-02-21
"New Forest East
","Conservative
","Julian Lewis
","Conservative
","Seat held
",https://en.wikipedia.org/wiki/Julian_Lewis,1951-09-26
"New Forest West
","Conservative
","Desmond Swayne
","Conservative
","Seat held
",https://en.wikipedia.org/wiki/Desmond_Swayne,1956-08-20
"Newark
","Conservative
","Robert Jenrick
","Conservative
","Seat held
",https://en.wikipedia.org/wiki/Robert_Jenrick,1982-01-09
"Newbury
","Conservative
","Laura Farris
","Conservative
","Previous incumbent, Richard Benyon, did not stand
",https://en.wikipedia.org/wiki/Laura_Farris,1978-06-13
"Newcastle upon Tyne Central
","Labour
","Chi Onwurah
","Labour
","Seat held
",https://en.wikipedia.org/wiki/Chi_Onwurah,1965-04-12
"Newcastle upon Tyne East
","Labour
","Nick Brown
","Labour
","Seat held
",https://en.wikipedia.org/wiki/Nick_Brown,1950-06-13
"Newcastle upon Tyne North
","Labour
","Catherine McKinnell
","Labour
","Seat held
",https://en.wikipedia.org/wiki/Catherine_McKinnell,1976-06-08
"Newcastle-under-Lyme
","Labour
","Aaron Bell
","Conservative
","Previous incumbent, Paul Farrelly, did not stand
",https://en.wikipedia.org/wiki/Aaron_Bell_(politician),1980-02-25
"Newport East
","Labour
","Jessica Morden
","Labour
","Seat held
",https://en.wikipedia.org/wiki/Jessica_Morden,1968-05-29
"Newport West
","Labour
","Ruth Jones
","Labour
","Seat held
",https://en.wikipedia.org/wiki/Ruth_Jones_(politician),1962-04-23
"Newry and Armagh
","Sinn Féin
","Mickey Brady
","Sinn Féin
","Seat held
",https://en.wikipedia.org/wiki/Mickey_Brady,1950-10-07
"Newton Abbot
","Conservative
","Anne Marie Morris
","Conservative
","Seat held
",https://en.wikipedia.org/wiki/Anne_Marie_Morris,1957-07-05
"Normanton, Pontefract and Castleford
","Labour
","Yvette Cooper
","Labour
","Seat held
",https://en.wikipedia.org/wiki/Yvette_Cooper,1969-03-20
"North Antrim
","DUP
","Ian Paisley
","DUP
","Seat held
",https://en.wikipedia.org/wiki/Ian_Paisley_Jr,1966-12-12
"North Ayrshire and Arran
","Scottish National
","Patricia Gibson
","Scottish National
","Seat held
",https://en.wikipedia.org/wiki/Patricia_Gibson,1968-05-12
"North Cornwall
","Conservative
","Scott Mann
","Conservative
","Seat held
",https://en.wikipedia.org/wiki/Scott_Mann_(politician),1977-06-24
"North Devon
","Conservative
","Selaine Saxby
","Conservative
","Previous incumbent, Peter Heaton-Jones, did not stand
",https://en.wikipedia.org/wiki/Selaine_Saxby,1970-11-25
"North Dorset
","Conservative
","Simon Hoare
","Conservative
","Seat held
",https://en.wikipedia.org/wiki/Simon_Hoare,1969-06-28
"North Down
","Independent
","Stephen Farry
","Alliance
","Previous incumbent, Sylvia Hermon, did not stand
",https://en.wikipedia.org/wiki/Stephen_Farry,1971-04-22
"North Durham
","Labour
","Kevan Jones
","Labour
","Seat held
",https://en.wikipedia.org/wiki/Kevan_Jones,1964-04-25
"North East Bedfordshire
","Conservative
","Richard Fuller
","Conservative
","Previous incumbent, Alistair Burt, did not stand
",https://en.wikipedia.org/wiki/Richard_Fuller_(Bedford_MP),1962-05-30
"North East Cambridgeshire
","Conservative
","Steve Barclay
","Conservative
","Seat held
",https://en.wikipedia.org/wiki/Steve_Barclay_(politician),1972-05-03
"North East Derbyshire
","Conservative
","Lee Rowley
","Conservative
","Seat held
",https://en.wikipedia.org/wiki/Lee_Rowley,1980-09-11
"North East Fife
","Scottish National
","Wendy Chamberlain
","Liberal Democrats
","Defeated incumbent, Stephen Gethins
",https://en.wikipedia.org/wiki/Wendy_Chamberlain,1976-12-20
"North East Hampshire
","Conservative
","Ranil Jayawardena
","Conservative
","Seat held
",https://en.wikipedia.org/wiki/Ranil_Jayawardena,1986-09-03
"North East Hertfordshire
","Conservative
","Oliver Heald
","Conservative
","Seat held
",https://en.wikipedia.org/wiki/Oliver_Heald,1954-12-15
"North East Somerset
","Conservative
","Jacob Rees-Mogg
","Conservative
","Seat held
",https://en.wikipedia.org/wiki/Jacob_Rees-Mogg,1969-05-24
"North Herefordshire
","Conservative
","Bill Wiggin
","Conservative
","Seat held
",https://en.wikipedia.org/wiki/Bill_Wiggin,1966-06-04
"North Norfolk
","Liberal Democrats
","Duncan Baker
","Conservative
","Previous incumbent, Norman Lamb, did not stand
",https://en.wikipedia.org/wiki/Duncan_Baker,1979-11-15
"North Shropshire
","Conservative
","Owen Paterson
","Conservative
","Seat held
",https://en.wikipedia.org/wiki/Owen_Paterson,1956-06-24
"North Somerset
","Conservative
","Liam Fox
","Conservative
","Seat held
",https://en.wikipedia.org/wiki/Liam_Fox,1961-09-22
"North Swindon
","Conservative
","Justin Tomlinson
","Conservative
","Seat held
",https://en.wikipedia.org/wiki/Justin_Tomlinson,1976-11-05
"North Thanet
","Conservative
","Roger Gale
","Conservative
","Seat held
",https://en.wikipedia.org/wiki/Roger_Gale,
"North Tyneside
","Labour
","Mary Glindon
","Labour
","Seat held
",https://en.wikipedia.org/wiki/Mary_Glindon,1957-01-13
"North Warwickshire
","Conservative
","Craig Tracey
","Conservative
","Seat held
",https://en.wikipedia.org/wiki/Craig_Tracey,1974-08-21
"North West Cambridgeshire
","Conservative
","Shailesh Vara
","Conservative
","Seat held
",https://en.wikipedia.org/wiki/Shailesh_Vara,1960-09-04
"North West Durham
","Labour
","Richard Holden
","Conservative
","Defeated incumbent, Laura Pidcock
",https://en.wikipedia.org/wiki/Richard_Holden_(British_politician),1985-03-11
"North West Hampshire
","Conservative
","Kit Malthouse
","Conservative
","Seat held
",https://en.wikipedia.org/wiki/Kit_Malthouse,1966-10-27
"North West Leicestershire
","Conservative
","Andrew Bridgen
","Conservative
","Seat held
",https://en.wikipedia.org/wiki/Andrew_Bridgen,1964-10-28
"North West Norfolk
","Conservative
","James Wild
","Conservative
","Previous incumbent, Henry Bellingham, did not stand
",https://en.wikipedia.org/wiki/James_Wild_(politician),1977-01-05
"North Wiltshire
","Conservative
","James Gray
","Conservative
","Seat held
",https://en.wikipedia.org/wiki/James_Gray_(British_politician),1954-11-07
"Northampton North
","Conservative
","Michael Ellis
","Conservative
","Seat held
",https://en.wikipedia.org/wiki/Michael_Ellis_(British_politician),1967-10-13
"Northampton South
","Conservative
","Andrew Lewer
","Conservative
","Seat held
",https://en.wikipedia.org/wiki/Andrew_Lewer,1971-07-18
"Norwich North
","Conservative
","Chloe Smith
","Conservative
","Seat held
",https://en.wikipedia.org/wiki/Chloe_Smith,1982-05-17
"Norwich South
","Labour
","Clive Lewis
","Labour
","Seat held
",https://en.wikipedia.org/wiki/Clive_Lewis_(politician),1971-09-11
"Nottingham East
","Change UK[f]
","Nadia Whittome
","Labour
","Defeated incumbent, Chris Leslie
",https://en.wikipedia.org/wiki/Nadia_Whittome,1996-08-29
"Nottingham North
","Labour Co-operative
","Alex Norris
","Labour Co-operative
","Seat held
",https://en.wikipedia.org/wiki/Alex_Norris,1984-02-04
"Nottingham South
","Labour
","Lilian Greenwood
","Labour
","Seat held
",https://en.wikipedia.org/wiki/Lilian_Greenwood,1966-03-26
"Nuneaton
","Conservative
","Marcus Jones
","Conservative
","Seat held
",https://en.wikipedia.org/wiki/Marcus_Jones_(politician),1974-04-05
"Ochil and South Perthshire
","Conservative
","John Nicolson
","Scottish National
","Defeated incumbent, Luke Graham
",https://en.wikipedia.org/wiki/John_Nicolson,1961-06-23
"Ogmore
","Labour
","Chris Elmore
","Labour
","Seat held
",https://en.wikipedia.org/wiki/Chris_Elmore,1983-12-23
"Old Bexley and Sidcup
","Conservative
","James Brokenshire
","Conservative
","Seat held
",https://en.wikipedia.org/wiki/James_Brokenshire,1968-01-08
"Oldham East and Saddleworth
","Labour
","Debbie Abrahams
","Labour
","Seat held
",https://en.wikipedia.org/wiki/Debbie_Abrahams,1960-09-15
"Oldham West and Royton
","Labour Co-operative
","Jim McMahon
","Labour Co-operative
","Seat held
",https://en.wikipedia.org/wiki/Jim_McMahon_(politician),1980-07-07
"Orkney and Shetland
","Liberal Democrats
","Alistair Carmichael
","Liberal Democrats
","Seat held
",https://en.wikipedia.org/wiki/Alistair_Carmichael,1965-07-15
"Orpington
","Conservative
","Gareth Bacon
","Conservative
","Previous incumbent, Jo Johnson, did not stand
",https://en.wikipedia.org/wiki/Gareth_Bacon,1972-04-07
"Oxford East
","Labour Co-operative
","Anneliese Dodds
","Labour Co-operative
","Seat held
",https://en.wikipedia.org/wiki/Anneliese_Dodds,1978-03-16
"Oxford West and Abingdon
","Liberal Democrats
","Layla Moran
","Liberal Democrats
","Seat held
",https://en.wikipedia.org/wiki/Layla_Moran,1982-09-12
"Paisley and Renfrewshire North
","Scottish National
","Gavin Newlands
","Scottish National
","Seat held
",https://en.wikipedia.org/wiki/Gavin_Newlands,1980-02-02
"Paisley and Renfrewshire South
","Scottish National
","Mhairi Black
","Scottish National
","Seat held
",https://en.wikipedia.org/wiki/Mhairi_Black,1994-09-12
"Pendle
","Conservative
","Andrew Stephenson
","Conservative
","Seat held
",https://en.wikipedia.org/wiki/Andrew_Stephenson,1981-02-17
"Penistone and Stocksbridge
","Liberal Democrats[g]
","Miriam Cates
","Conservative
","Previous incumbent, Angela Smith, did not stand
",https://en.wikipedia.org/wiki/Miriam_Cates,1982-08-23
"Penrith and The Border
","Independent[h]
","Neil Hudson
","Conservative
","Previous incumbent, Rory Stewart, did not stand
",https://en.wikipedia.org/wiki/Neil_Hudson_(politician),
"Perth and North Perthshire
","Scottish National
","Pete Wishart
","Scottish National
","Seat held
",https://en.wikipedia.org/wiki/Pete_Wishart,1962-03-09
"Peterborough
","Labour
","Paul Bristow
","Conservative
","Defeated incumbent, Lisa Forbes
",https://en.wikipedia.org/wiki/Paul_Bristow,1979-03-27
"Plymouth Moor View
","Conservative
","Johnny Mercer
","Conservative
","Seat held
",https://en.wikipedia.org/wiki/Johnny_Mercer_(politician),1981-08-17
"Plymouth Sutton and Devonport
","Labour Co-operative
","Luke Pollard
","Labour Co-operative
","Seat held
",https://en.wikipedia.org/wiki/Luke_Pollard,1980-04-10
"Pontypridd
","Labour
","Alex Davies-Jones
","Labour
","Previous incumbent, Owen Smith, did not stand
",https://en.wikipedia.org/wiki/Alex_Davies-Jones,1989-04-05
"Poole
","Conservative
","Robert Syms
","Conservative
","Seat held
",https://en.wikipedia.org/wiki/Robert_Syms,1956-08-15
"Poplar and Limehouse
","Labour
","Apsana Begum
","Labour
","Previous incumbent, Jim Fitzpatrick, did not stand
",https://en.wikipedia.org/wiki/Apsana_Begum,1990-05-25
"Portsmouth North
","Conservative
","Penny Mordaunt
","Conservative
","Seat held
",https://en.wikipedia.org/wiki/Penny_Mordaunt,1973-03-04
"Portsmouth South
","Labour
","Stephen Morgan
","Labour
","Seat held
",https://en.wikipedia.org/wiki/Stephen_Morgan_(British_politician),1981-01-17
"Preseli Pembrokeshire
","Conservative
","Stephen Crabb
","Conservative
","Seat held
",https://en.wikipedia.org/wiki/Stephen_Crabb,1973-01-20
"Preston
","Labour Co-operative
","Mark Hendrick
","Labour Co-operative
","Seat held
",https://en.wikipedia.org/wiki/Mark_Hendrick,1958-11-02
"Pudsey
","Conservative
","Stuart Andrew
","Conservative
","Seat held
",https://en.wikipedia.org/wiki/Stuart_Andrew,1971-11-25
"Putney
","Independent[h]
","Fleur Anderson
","Labour
","Previous incumbent, Justine Greening, did not stand
",https://en.wikipedia.org/wiki/Fleur_Anderson,1971-02-06
"Rayleigh and Wickford
","Conservative
","Mark Francois
","Conservative
","Seat held
",https://en.wikipedia.org/wiki/Mark_Francois,1965-08-14
"Reading East
","Labour
","Matt Rodda
","Labour
","Seat held
",https://en.wikipedia.org/wiki/Matt_Rodda,1966-12-15
"Reading West
","Conservative
","Alok Sharma
","Conservative
","Seat held
",https://en.wikipedia.org/wiki/Alok_Sharma,1967-09-07
"Redcar
","Labour Co-operative
","Jacob Young
","Conservative
","Defeated incumbent, Anna Turley
",https://en.wikipedia.org/wiki/Jacob_Young_(politician),1993-02-02
"Redditch
","Conservative
","Rachel Maclean
","Conservative
","Seat held
",https://en.wikipedia.org/wiki/Rachel_Maclean_(politician),1965-10-03
"Reigate
","Conservative
","Crispin Blunt
","Conservative
","Seat held
",https://en.wikipedia.org/wiki/Crispin_Blunt,1960-07-15
"Rhondda
","Labour
","Chris Bryant
","Labour
","Seat held
",https://en.wikipedia.org/wiki/Chris_Bryant,1962-01-11
"Ribble Valley
","Conservative
","Nigel Evans
","Conservative
","Seat held
",https://en.wikipedia.org/wiki/Nigel_Evans,1957-11-10
"Richmond (Yorks)
","Conservative
","Rishi Sunak
","Conservative
","Seat held
",https://en.wikipedia.org/wiki/Rishi_Sunak,1980-05-12
"Richmond Park
","Conservative
","Sarah Olney
","Liberal Democrats
","Defeated incumbent, Zac Goldsmith
",https://en.wikipedia.org/wiki/Sarah_Olney,1977-01-11
"Rochdale
","Labour
","Tony Lloyd
","Labour
","Seat held
",https://en.wikipedia.org/wiki/Tony_Lloyd,1950-02-25
"Rochester and Strood
","Conservative
","Kelly Tolhurst
","Conservative
","Seat held
",https://en.wikipedia.org/wiki/Kelly_Tolhurst,1978-08-23
"Rochford and Southend East
","Conservative
","James Duddridge
","Conservative
","Seat held
",https://en.wikipedia.org/wiki/James_Duddridge,1971-08-26
"Romford
","Conservative
","Andrew Rosindell
","Conservative
","Seat held
",https://en.wikipedia.org/wiki/Andrew_Rosindell,1966-03-17
"Romsey and Southampton North
","Conservative
","Caroline Nokes
","Conservative
","Seat held
",https://en.wikipedia.org/wiki/Caroline_Nokes,1972-06-26
"Ross, Skye and Lochaber
","Scottish National
","Ian Blackford
","Scottish National
","Seat held
",https://en.wikipedia.org/wiki/Ian_Blackford,1961-05-14
"Rossendale and Darwen
","Conservative
","Jake Berry
","Conservative
","Seat held
",https://en.wikipedia.org/wiki/Jake_Berry,1978-12-29
"Rother Valley
","Labour
","Alexander Stafford
","Conservative
","Previous incumbent, Kevin Barron, did not stand
",https://en.wikipedia.org/wiki/Alexander_Stafford,1987-07-19
"Rotherham
","Labour
","Sarah Champion
","Labour
","Seat held
",https://en.wikipedia.org/wiki/Sarah_Champion,1969-07-10
"Rugby
","Conservative
","Mark Pawsey
","Conservative
","Seat held
",https://en.wikipedia.org/wiki/Mark_Pawsey,1957-01-16
"Ruislip, Northwood and Pinner
","Conservative
","David Simmonds
","Conservative
","Previous incumbent, Nick Hurd, did not stand
",https://en.wikipedia.org/wiki/David_Simmonds,
"Runnymede and Weybridge
","Independent[h]
","Ben Spencer
","Conservative
","Previous incumbent, Philip Hammond, did not stand
",https://en.wikipedia.org/wiki/Ben_Spencer_(politician),1981-12-11
"Rushcliffe
","Independent[h]
","Ruth Edwards
","Conservative
","Previous incumbent, Ken Clarke, did not stand
",https://en.wikipedia.org/wiki/Ruth_Edwards,1984-05-11
"Rutherglen and Hamilton West
","Labour Co-operative
","Margaret Ferrier
","Scottish National
","Defeated incumbent, Gerard Killen
",https://en.wikipedia.org/wiki/Margaret_Ferrier,1960-09-10
"Rutland and Melton
","Conservative
","Alicia Kearns
","Conservative
","Previous incumbent, Alan Duncan, did not stand
",https://en.wikipedia.org/wiki/Alicia_Kearns,1987-11-11
"Saffron Walden
","Conservative
","Kemi Badenoch
","Conservative
","Seat held
",https://en.wikipedia.org/wiki/Kemi_Badenoch,1980-01-02
"Salford and Eccles
","Labour
","Rebecca Long-Bailey
","Labour
","Seat held
",https://en.wikipedia.org/wiki/Rebecca_Long-Bailey,1979-09-22
"Salisbury
","Conservative
","John Glen
","Conservative
","Seat held
",https://en.wikipedia.org/wiki/John_Glen_(politician),1974-04-01
"Scarborough and Whitby
","Conservative
","Robert Goodwill
","Conservative
","Seat held
",https://en.wikipedia.org/wiki/Robert_Goodwill,1956-12-31
"Scunthorpe
","Labour
","Holly Mumby-Croft
","Conservative
","Defeated incumbent, Nic Dakin
",https://en.wikipedia.org/wiki/Holly_Mumby-Croft,
"Sedgefield
","Labour
","Paul Howell
","Conservative
","Defeated incumbent, Phil Wilson
",https://en.wikipedia.org/wiki/Paul_Howell_(MP),1960-01-10
"Sefton Central
","Labour
","Bill Esterson
","Labour
","Seat held
",https://en.wikipedia.org/wiki/Bill_Esterson,1966-10-27
"Selby and Ainsty
","Conservative
","Nigel Adams
","Conservative
","Seat held
",https://en.wikipedia.org/wiki/Nigel_Adams,1966-11-30
"Sevenoaks
","Conservative
","Laura Trott
","Conservative
","Previous incumbent, Michael Fallon, did not stand
",https://en.wikipedia.org/wiki/Laura_Trott_(politician),1984-12-07
"Sheffield Central
","Labour
","Paul Blomfield
","Labour
","Seat held
",https://en.wikipedia.org/wiki/Paul_Blomfield,1953-08-25
"Sheffield South East
","Labour
","Clive Betts
","Labour
","Seat held
",https://en.wikipedia.org/wiki/Clive_Betts,1950-01-13
"Sheffield Brightside and Hillsborough
","Labour
","Gill Furniss
","Labour
","Seat held
",https://en.wikipedia.org/wiki/Gill_Furniss,1957-03-14
"Sheffield Hallam
","Independent[g]
","Olivia Blake
","Labour
","Previous incumbent, Jared O'Mara, did not stand
",https://en.wikipedia.org/wiki/Olivia_Blake,1990-03-10
"Sheffield Heeley
","Labour
","Louise Haigh
","Labour
","Seat held
",https://en.wikipedia.org/wiki/Louise_Haigh,1987-07-22
"Sherwood
","Conservative
","Mark Spencer
","Conservative
","Seat held
",https://en.wikipedia.org/wiki/Mark_Spencer_(British_politician),1970-01-20
"Shipley
","Conservative
","Philip Davies
","Conservative
","Seat held
",https://en.wikipedia.org/wiki/Philip_Davies,1972-01-05
"Shrewsbury and Atcham
","Conservative
","Daniel Kawczynski
","Conservative
","Seat held
",https://en.wikipedia.org/wiki/Daniel_Kawczynski,1972-01-24
"Sittingbourne and Sheppey
","Conservative
","Gordon Henderson
","Conservative
","Seat held
",https://en.wikipedia.org/wiki/Gordon_Henderson_(politician),1948-01-27
"Skipton and Ripon
","Conservative
","Julian Smith
","Conservative
","Seat held
",https://en.wikipedia.org/wiki/Julian_Smith_(politician),1971-08-30
"Sleaford and North Hykeham
","Conservative
","Caroline Johnson
","Conservative
","Seat held
",https://en.wikipedia.org/wiki/Caroline_Johnson,1977-12-31
"Slough
","Labour
","Tanmanjeet Dhesi
","Labour
","Seat held
",https://en.wikipedia.org/wiki/Tanmanjeet_Dhesi,1978-08-17
"Solihull
","Conservative
","Julian Knight
","Conservative
","Seat held
",https://en.wikipedia.org/wiki/Julian_Knight_(politician),1972-01-05
"Somerton and Frome
","Conservative
","David Warburton
","Conservative
","Seat held
",https://en.wikipedia.org/wiki/David_Warburton,1965-10-28
"South Antrim
","DUP
","Paul Girvan
","DUP
","Seat held
",https://en.wikipedia.org/wiki/Paul_Girvan,1963-07-06
"South Basildon and East Thurrock
","Conservative
","Stephen Metcalfe
","Conservative
","Seat held
",https://en.wikipedia.org/wiki/Stephen_Metcalfe_(politician),1966-01-09
"South Cambridgeshire
","Liberal Democrats[h]
","Anthony Browne
","Conservative
","Previous incumbent, Heidi Allen, did not stand
",https://en.wikipedia.org/wiki/Anthony_Browne_(politician),1967-01-19
"South Derbyshire
","Conservative
","Heather Wheeler
","Conservative
","Seat held
",https://en.wikipedia.org/wiki/Heather_Wheeler,1959-05-14
"South Dorset
","Conservative
","Richard Drax
","Conservative
","Seat held
",https://en.wikipedia.org/wiki/Richard_Drax,1958-01-29
"South Down
","Sinn Féin
","Chris Hazzard
","Sinn Féin
","Seat held
",https://en.wikipedia.org/wiki/Chris_Hazzard,1984-08-20
"South East Cambridgeshire
","Conservative
","Lucy Frazer
","Conservative
","Seat held
",https://en.wikipedia.org/wiki/Lucy_Frazer,1972-05-17
"South East Cornwall
","Conservative
","Sheryll Murray
","Conservative
","Seat held
",https://en.wikipedia.org/wiki/Sheryll_Murray,1956-02-04
"South Holland and The Deepings
","Conservative
","John Hayes
","Conservative
","Seat held
",https://en.wikipedia.org/wiki/John_Hayes_(British_politician),1958-06-23
"South Leicestershire
","Conservative
","Alberto Costa
","Conservative
","Seat held
",https://en.wikipedia.org/wiki/Alberto_Costa_(British_politician),1971-11-13
"South Norfolk
","Conservative
","Richard Bacon
","Conservative
","Seat held
",https://en.wikipedia.org/wiki/Richard_Bacon_(politician),1962-12-03
"South Northamptonshire
","Conservative
","Andrea Leadsom
","Conservative
","Seat held
",https://en.wikipedia.org/wiki/Andrea_Leadsom,1963-05-13
"South Ribble
","Conservative
","Katherine Fletcher
","Conservative
","Previous incumbent, Seema Kennedy, did not stand
",https://en.wikipedia.org/wiki/Katherine_Fletcher,1976-02-18
"South Shields
","Labour
","Emma Lewell-Buck
","Labour
","Seat held
",https://en.wikipedia.org/wiki/Emma_Lewell-Buck,1978-11-08
"South Staffordshire
","Conservative
","Gavin Williamson
","Conservative
","Seat held
",https://en.wikipedia.org/wiki/Gavin_Williamson,1976-06-25
"South Suffolk
","Conservative
","James Cartlidge
","Conservative
","Seat held
",https://en.wikipedia.org/wiki/James_Cartlidge,1974-04-30
"South Swindon
","Conservative
","Robert Buckland
","Conservative
","Seat held
",https://en.wikipedia.org/wiki/Robert_Buckland,1968-09-22
"South Thanet
","Conservative
","Craig Mackinlay
","Conservative
","Seat held
",https://en.wikipedia.org/wiki/Craig_Mackinlay,1966-10-07
"South West Bedfordshire
","Conservative
","Andrew Selous
","Conservative
","Seat held
",https://en.wikipedia.org/wiki/Andrew_Selous,1962-04-27
"South West Devon
","Conservative
","Gary Streeter
","Conservative
","Seat held
",https://en.wikipedia.org/wiki/Gary_Streeter,1955-10-02
"South West Hertfordshire
","Independent[h]
","Gagan Mohindra
","Conservative
","Defeated incumbent, David Gauke
",https://en.wikipedia.org/wiki/Gagan_Mohindra,1978-04-07
"South West Norfolk
","Conservative
","Liz Truss
","Conservative
","Seat held
",https://en.wikipedia.org/wiki/Liz_Truss,1975-07-26
"South West Surrey
","Conservative
","Jeremy Hunt
","Conservative
","Seat held
",https://en.wikipedia.org/wiki/Jeremy_Hunt,1966-11-01
"South West Wiltshire
","Conservative
","Andrew Murrison
","Conservative
","Seat held
",https://en.wikipedia.org/wiki/Andrew_Murrison,1961-04-24
"Southampton Itchen
","Conservative
","Royston Smith
","Conservative
","Seat held
",https://en.wikipedia.org/wiki/Royston_Smith,1964-05-13
"Southampton Test
","Labour
","Alan Whitehead
","Labour
","Seat held
",https://en.wikipedia.org/wiki/Alan_Whitehead,1950-09-15
"Southend West
","Conservative
","David Amess
","Conservative
","Seat held
",https://en.wikipedia.org/wiki/David_Amess,1952-03-26
"Southport
","Conservative
","Damien Moore
","Conservative
","Seat held
",https://en.wikipedia.org/wiki/Damien_Moore,1980-04-26
"Spelthorne
","Conservative
","Kwasi Kwarteng
","Conservative
","Seat held
",https://en.wikipedia.org/wiki/Kwasi_Kwarteng,1975-05-26
"St Albans
","Conservative
","Daisy Cooper
","Liberal Democrats
","Defeated incumbent, Anne Main
",https://en.wikipedia.org/wiki/Daisy_Cooper,1981-10-29
"St Austell and Newquay
","Conservative
","Steve Double
","Conservative
","Seat held
",https://en.wikipedia.org/wiki/Steve_Double,1966-12-19
"St Helens North
","Labour
","Conor McGinn
","Labour
","Seat held
",https://en.wikipedia.org/wiki/Conor_McGinn,1984-07-31
"St Helens South and Whiston
","Labour
","Marie Rimmer
","Labour
","Seat held
",https://en.wikipedia.org/wiki/Marie_Rimmer,1947-04-27
"St Ives
","Conservative
","Derek Thomas
","Conservative
","Seat held
",https://en.wikipedia.org/wiki/Derek_Thomas_(politician),1972-07-20
"Stafford
","Conservative
","Theo Clarke
","Conservative
","Previous incumbent, Jeremy Lefroy, did not stand
",https://en.wikipedia.org/wiki/Theo_Clarke,1985-08-04
"Staffordshire Moorlands
","Conservative
","Karen Bradley
","Conservative
","Seat held
",https://en.wikipedia.org/wiki/Karen_Bradley,1970-03-12
"Stalybridge and Hyde
","Labour Co-operative
","Jonathan Reynolds
","Labour Co-operative
","Seat held
",https://en.wikipedia.org/wiki/Jonathan_Reynolds,1980-08-28
"Stevenage
","Conservative
","Stephen McPartland
","Conservative
","Seat held
",https://en.wikipedia.org/wiki/Stephen_McPartland,1976-08-09
"Stirling
","Conservative
","Alyn Smith
","Scottish National
","Defeated incumbent, Stephen Kerr
",https://en.wikipedia.org/wiki/Alyn_Smith,1973-09-15
"Stockport
","Change UK[g]
","
Navendu Mishra

","Labour
","Previous incumbent, Ann Coffey, did not stand
",https://en.wikipedia.org/wiki/Navendu_Mishra,1989-08-22
"Stockton North
","Labour
","
Alex Cunningham

","Labour
","Seat held
",https://en.wikipedia.org/wiki/Alex_Cunningham,1955-05-01
"Stockton South
","Labour
","
Matt Vickers

","Conservative
","Defeated incumbent, Paul Williams
",https://en.wikipedia.org/wiki/Matt_Vickers,1983-09-24
"Stoke-on-Trent Central
","Labour Co-operative
","
Jo Gideon

","Conservative
","Defeated incumbent, Gareth Snell
",https://en.wikipedia.org/wiki/Jo_Gideon,1952-11-07
"Stoke-on-Trent North
","Labour
","
Jonathan Gullis

","Conservative
","Defeated incumbent, Ruth Smeeth
",https://en.wikipedia.org/wiki/Jonathan_Gullis,1990-01-09
"Stoke-on-Trent South
","Conservative
","
Jack Brereton

","Conservative
","Seat held
",https://en.wikipedia.org/wiki/Jack_Brereton,1991-05-13
"Stone
","Conservative
","
Bill Cash

","Conservative
","Seat held
",https://en.wikipedia.org/wiki/Bill_Cash,1940-05-10
"Stourbridge
","Conservative
","
Suzanne Webb

","Conservative
","Previous incumbent, Margot James, did not stand
",https://en.wikipedia.org/wiki/Suzanne_Webb,1966-02-04
"Strangford
","DUP
","
Jim Shannon

","DUP
","Seat held
",https://en.wikipedia.org/wiki/Jim_Shannon,1955-03-25
"Stratford-on-Avon
","Conservative
","
Nadhim Zahawi

","Conservative
","Seat held
",https://en.wikipedia.org/wiki/Nadhim_Zahawi,1967-06-02
"Streatham
","Liberal Democrats[g]
","
Bell Ribeiro-Addy

","Labour
","Previous incumbent, Chuka Umunna, did not stand
",https://en.wikipedia.org/wiki/Bell_Ribeiro-Addy,1985-03-01
"Stretford and Urmston
","Labour
","
Kate Green

","Labour
","Seat held
",https://en.wikipedia.org/wiki/Kate_Green,1960-05-02
"Stroud
","Labour Co-operative
","
Siobhan Baillie

","Conservative
","Defeated incumbent, David Drew
",https://en.wikipedia.org/wiki/Siobhan_Baillie,1981-08-28
"Suffolk Coastal
","Conservative
","
Therese Coffey

","Conservative
","Seat held
",https://en.wikipedia.org/wiki/Therese_Coffey,1971-11-18
"Sunderland Central
","Labour
","
Julie Elliott

","Labour
","Seat held
",https://en.wikipedia.org/wiki/Julie_Elliott,1963-07-29
"Surrey Heath
","Conservative
","
Michael Gove

","Conservative
","Seat held
",https://en.wikipedia.org/wiki/Michael_Gove,1967-08-26
"Sutton and Cheam
","Conservative
","
Paul Scully

","Conservative
","Seat held
",https://en.wikipedia.org/wiki/Paul_Scully,1968-04-29
"Sutton Coldfield
","Conservative
","
Andrew Mitchell

","Conservative
","Seat held
",https://en.wikipedia.org/wiki/Andrew_Mitchell,1956-03-23
"Swansea East
","Labour
","
Carolyn Harris

","Labour
","Seat held
",https://en.wikipedia.org/wiki/Carolyn_Harris,1960-09-18
"Swansea West
","Labour Co-operative
","
Geraint Davies

","Labour Co-operative
","Seat held
",https://en.wikipedia.org/wiki/Geraint_Davies_(Labour_politician),1960-05-03
"Tamworth
","Conservative
","
Christopher Pincher

","Conservative
","Seat held
",https://en.wikipedia.org/wiki/Christopher_Pincher,1969-09-24
"Tatton
","Conservative
","
Esther McVey

","Conservative
","Seat held
",https://en.wikipedia.org/wiki/Esther_McVey,1967-10-24
"Taunton Deane
","Conservative
","
Rebecca Pow

","Conservative
","Seat held
",https://en.wikipedia.org/wiki/Rebecca_Pow,1960-10-10
"Telford
","Conservative
","
Lucy Allan

","Conservative
","Seat held
",https://en.wikipedia.org/wiki/Lucy_Allan_(politician),1964-10-02
"Tewkesbury
","Conservative
","
Laurence Robertson

","Conservative
","Seat held
",https://en.wikipedia.org/wiki/Laurence_Robertson,1958-03-29
"The Cotswolds
","Conservative
","
Geoffrey Clifton-Brown

","Conservative
","Seat held
",https://en.wikipedia.org/wiki/Geoffrey_Clifton-Brown,1953-03-23
"The Wrekin
","Conservative
","
Mark Pritchard

","Conservative
","Seat held
",https://en.wikipedia.org/wiki/Mark_Pritchard_(politician),1966-11-22
"Thirsk and Malton
","Conservative
","
Kevin Hollinrake

","Conservative
","Seat held
",https://en.wikipedia.org/wiki/Kevin_Hollinrake,1963-09-28
"Thornbury and Yate
","Conservative
","
Luke Hall

","Conservative
","Seat held
",https://en.wikipedia.org/wiki/Luke_Hall_(politician),1986-07-08
"Thurrock
","Conservative
","
Jackie Doyle-Price

","Conservative
","Seat held
",https://en.wikipedia.org/wiki/Jackie_Doyle-Price,1969-08-05
"Tiverton and Honiton
","Conservative
","
Neil Parish

","Conservative
","Seat held
",https://en.wikipedia.org/wiki/Neil_Parish,1956-05-26
"Tonbridge and Malling
","Conservative
","
Thomas Tugendhat

","Conservative
","Seat held
",https://en.wikipedia.org/wiki/Thomas_Tugendhat,1973-06-27
"Tooting
","Labour
","
Rosena Allin-Khan

","Labour
","Seat held
",https://en.wikipedia.org/wiki/Rosena_Allin-Khan,1978-05-10
"Torbay
","Conservative
","
Kevin Foster

","Conservative
","Seat held
",https://en.wikipedia.org/wiki/Kevin_Foster_(politician),1978-12-31
"Torfaen
","Labour
","
Nick Thomas-Symonds

","Labour
","Seat held
",https://en.wikipedia.org/wiki/Nick_Thomas-Symonds,1980-05-26
"Torridge and West Devon
","Conservative
","
Geoffrey Cox

","Conservative
","Seat held
",https://en.wikipedia.org/wiki/Geoffrey_Cox_(British_politician),1960-04-30
"Totnes
","Liberal Democrats[h]
","
Anthony Mangnall

","Conservative
","Defeated incumbent, Sarah Wollaston
",https://en.wikipedia.org/wiki/Anthony_Mangnall,1989-08-12
"Tottenham
","Labour
","
David Lammy

","Labour
","Seat held
",https://en.wikipedia.org/wiki/David_Lammy,1972-07-19
"Truro and Falmouth
","Conservative
","
Cherilyn Mackrory

","Conservative
","Previous incumbent, Sarah Newton, did not stand
",https://en.wikipedia.org/wiki/Cherilyn_Mackrory,1976-06-05
"Tunbridge Wells
","Conservative
","
Greg Clark

","Conservative
","Seat held
",https://en.wikipedia.org/wiki/Greg_Clark,1967-08-28
"Twickenham
","Liberal Democrats
","
Munira Wilson

","Liberal Democrats
","Previous incumbent, Vince Cable, did not stand
",https://en.wikipedia.org/wiki/Munira_Wilson,1978-04-26
"Tynemouth
","Labour
","
Alan Campbell

","Labour
","Seat held
",https://en.wikipedia.org/wiki/Alan_Campbell_(politician),1957-07-08
"Upper Bann
","DUP
","
Carla Lockhart

","DUP
","Previous incumbent, David Simpson, did not stand
",https://en.wikipedia.org/wiki/Carla_Lockhart,1985-02-28
"Uxbridge and South Ruislip
","Conservative
","
Boris Johnson

","Conservative
","Seat held
",https://en.wikipedia.org/wiki/Boris_Johnson,1964-06-19
"Vale of Clwyd
","Labour
","
James Davies

","Conservative
","Defeated incumbent, Chris Ruane
",https://en.wikipedia.org/wiki/James_Davies_(politician),1980-02-27
"Vale of Glamorgan
","Conservative
","
Alun Cairns

","Conservative
","Seat held
",https://en.wikipedia.org/wiki/Alun_Cairns,1970-07-30
"Vauxhall
","Labour
","
Florence Eshalomi

","Labour Co-operative
","Previous incumbent, Kate Hoey, did not stand
",https://en.wikipedia.org/wiki/Florence_Eshalomi,1980-09-18
"Wakefield
","Labour
","
Imran Ahmad Khan

","Conservative
","Defeated incumbent, Mary Creagh
",https://en.wikipedia.org/wiki/Imran_Ahmad_Khan,1973-09-06
"Wallasey
","Labour
","
Angela Eagle

","Labour
","Seat held
",https://en.wikipedia.org/wiki/Angela_Eagle,1961-02-17
"Walsall North
","Conservative
","
Eddie Hughes

","Conservative
","Seat held
",https://en.wikipedia.org/wiki/Eddie_Hughes_(British_politician),1968-10-03
"Walsall South
","Labour
","
Valerie Vaz

","Labour
","Seat held
",https://en.wikipedia.org/wiki/Valerie_Vaz,1954-12-07
"Walthamstow
","Labour Co-operative
","
Stella Creasy

","Labour Co-operative
","Seat held
",https://en.wikipedia.org/wiki/Stella_Creasy,1977-04-05
"Wansbeck
","Labour
","
Ian Lavery

","Labour
","Seat held
",https://en.wikipedia.org/wiki/Ian_Lavery,1963-01-06
"Wantage
","Conservative
","
David Johnston

","Conservative
","Previous incumbent, Ed Vaizey, did not stand
",https://en.wikipedia.org/wiki/David_Johnston_(British_politician),1981-11-27
"Warley
","Labour
","
John Spellar

","Labour
","Seat held
",https://en.wikipedia.org/wiki/John_Spellar,1947-08-05
"Warrington North
","Labour
","
Charlotte Nichols

","Labour
","Previous incumbent, Helen Jones, did not stand
",https://en.wikipedia.org/wiki/Charlotte_Nichols,1991-04-05
"Warrington South
","Labour
","
Andy Carter

","Conservative
","Defeated incumbent, Faisal Rashid
",https://en.wikipedia.org/wiki/Andy_Carter_(politician),1974-01-25
"Warwick and Leamington
","Labour
","
Matt Western

","Labour
","Seat held
",https://en.wikipedia.org/wiki/Matt_Western,1962-11-07
"Washington and Sunderland West
","Labour
","
Sharon Hodgson

","Labour
","Seat held
",https://en.wikipedia.org/wiki/Sharon_Hodgson,1966-04-01
"Watford
","Conservative
","
Dean Russell

","Conservative
","Previous incumbent, Richard Harrington, did not stand
",https://en.wikipedia.org/wiki/Dean_Russell,1976-05-08
"Waveney
","Conservative
","
Peter Aldous

","Conservative
","Seat held
",https://en.wikipedia.org/wiki/Peter_Aldous,1961-08-26
"Wealden
","Conservative
","
Nus Ghani

","Conservative
","Seat held
",https://en.wikipedia.org/wiki/Nus_Ghani,1972-09-01
"Weaver Vale
","Labour
","
Mike Amesbury

","Labour
","Seat held
",https://en.wikipedia.org/wiki/Mike_Amesbury,1969-05-07
"Wellingborough
","Conservative
","
Peter Bone

","Conservative
","Seat held
",https://en.wikipedia.org/wiki/Peter_Bone,1952-10-19
"Wells
","Conservative
","
James Heappey

","Conservative
","Seat held
",https://en.wikipedia.org/wiki/James_Heappey,1981-01-30
"Welwyn Hatfield
","Conservative
","
Grant Shapps

","Conservative
","Seat held
",https://en.wikipedia.org/wiki/Grant_Shapps,1968-09-14
"Wentworth and Dearne
","Labour
","
John Healey

","Labour
","Seat held
",https://en.wikipedia.org/wiki/John_Healey_(politician),1960-02-13
"West Aberdeenshire and Kincardine
","Conservative
","
Andrew Bowie

","Conservative
","Seat held
",https://en.wikipedia.org/wiki/Andrew_Bowie_(politician),1987-05-28
"West Bromwich East
","Labour
","
Nicola Richards

","Conservative
","Previous incumbent, Tom Watson, did not stand
",https://en.wikipedia.org/wiki/Nicola_Richards,1994-12-19
"West Bromwich West
","Labour Co-operative
","
Shaun Bailey

","Conservative
","Previous incumbent, Adrian Bailey, did not stand
",https://en.wikipedia.org/wiki/Shaun_Bailey_(West_Bromwich_politician),1992-07-22
"West Dorset
","Independent[h]
","Chris Loder
","Conservative
","Previous incumbent, Oliver Letwin, did not stand
",https://en.wikipedia.org/wiki/Chris_Loder,1981-09-05
"West Dunbartonshire
","Scottish National
","
Martin Docherty-Hughes

","Scottish National
","Seat held
",https://en.wikipedia.org/wiki/Martin_Docherty-Hughes,1971-01-21
"West Ham
","Labour
","Lyn Brown
","Labour
","Seat held
",https://en.wikipedia.org/wiki/Lyn_Brown,1960-04-13
"West Lancashire
","Labour
","Rosie Cooper
","Labour
","Seat held
",https://en.wikipedia.org/wiki/Rosie_Cooper,1950-09-05
"West Suffolk
","Conservative
","
Matthew Hancock

","Conservative
","Seat held
",https://en.wikipedia.org/wiki/Matthew_Hancock,1978-10-02
"West Tyrone
","Sinn Féin
","
Órfhlaith Begley

","Sinn Féin
","Seat held
",https://en.wikipedia.org/wiki/%C3%93rfhlaith_Begley,1991-12-19
"West Worcestershire
","Conservative
","Harriett Baldwin
","Conservative
","Seat held
",https://en.wikipedia.org/wiki/Harriett_Baldwin,1960-05-02
"Westminster North
","Labour
","Karen Buck
","Labour
","Seat held
",https://en.wikipedia.org/wiki/Karen_Buck,1958-08-30
"Westmorland and Lonsdale
","Liberal Democrats
","Tim Farron
","Liberal Democrats
","Seat held
",https://en.wikipedia.org/wiki/Tim_Farron,1970-05-27
"Weston-Super-Mare
","Conservative
","John Penrose
","Conservative
","Seat held
",https://en.wikipedia.org/wiki/John_Penrose,1964-06-22
"Wigan
","Labour
","Lisa Nandy
","Labour
","Seat held
",https://en.wikipedia.org/wiki/Lisa_Nandy,1979-08-09
"Wimbledon
","Conservative
","Stephen Hammond
","Conservative
","Seat held
",https://en.wikipedia.org/wiki/Stephen_Hammond,1962-02-04
"Winchester
","Conservative
","Steve Brine
","Conservative
","Seat held
",https://en.wikipedia.org/wiki/Steve_Brine,1974-01-28
"Windsor
","Conservative
","Adam Afriyie
","Conservative
","Seat held
",https://en.wikipedia.org/wiki/Adam_Afriyie,1965-08-04
"Wirral South
","Labour
","Alison McGovern
","Labour
","Seat held
",https://en.wikipedia.org/wiki/Alison_McGovern,1980-12-30
"Wirral West
","Labour
","Margaret Greenwood
","Labour
","Seat held
",https://en.wikipedia.org/wiki/Margaret_Greenwood,1959-03-14
"Witham
","Conservative
","Priti Patel
","Conservative
","Seat held
",https://en.wikipedia.org/wiki/Priti_Patel,1972-03-29
"Witney
","Conservative
","Robert Courts
","Conservative
","Seat held
",https://en.wikipedia.org/wiki/Robert_Courts,1978-10-21
"Woking
","Conservative
","Jonathan Lord
","Conservative
","Seat held
",https://en.wikipedia.org/wiki/Jonathan_Lord,1962-09-17
"Wokingham
","Conservative
","John Redwood
","Conservative
","Seat held
",https://en.wikipedia.org/wiki/John_Redwood,1951-06-15
"Wolverhampton North East
","Labour
","Jane Stevenson
","Conservative
","Defeated incumbent, Emma Reynolds
",https://en.wikipedia.org/wiki/Jane_Stevenson_(politician),1971-02-18
"Wolverhampton South East
","Labour
","Pat McFadden
","Labour
","Seat held
",https://en.wikipedia.org/wiki/Pat_McFadden,1965-03-26
"Wolverhampton South West
","Labour
","Stuart Anderson
","Conservative
","Defeated incumbent, Eleanor Smith
",https://en.wikipedia.org/wiki/Stuart_Anderson_(politician),1976-07-17
"Worcester
","Conservative
","Robin Walker
","Conservative
","Seat held
",https://en.wikipedia.org/wiki/Robin_Walker,1978-04-12
"Workington
","Labour
","Mark Jenkinson
","Conservative
","Defeated incumbent, Sue Hayman
",https://en.wikipedia.org/wiki/Mark_Jenkinson,1982-01-28
"Worsley and Eccles South
","Labour
","Barbara Keeley
","Labour
","Seat held
",https://en.wikipedia.org/wiki/Barbara_Keeley,1952-03-26
"Worthing West
","Conservative
","Peter Bottomley
","Conservative
","Seat held
",https://en.wikipedia.org/wiki/Peter_Bottomley,1944-07-30
"Wrexham
","Labour
","Sarah Atherton
","Conservative
","Previous incumbent, Ian Lucas, did not stand
",https://en.wikipedia.org/wiki/Sarah_Atherton,1967-11-15
"Wycombe
","Conservative
","Steven Baker
","Conservative
","Seat held
",https://en.wikipedia.org/wiki/Steve_Baker_(politician),1971-06-06
"Wyre and Preston North
","Conservative
","Ben Wallace
","Conservative
","Seat held
",https://en.wikipedia.org/wiki/Ben_Wallace_(politician),1970-05-15
"Wyre Forest
","Conservative
","Mark Garnier
","Conservative
","Seat held
",https://en.wikipedia.org/wiki/Mark_Garnier,1963-02-26
"Wythenshawe and Sale East
","Labour
","Mike Kane
","Labour
","Seat held
",https://en.wikipedia.org/wiki/Mike_Kane,1969-01-09
"Yeovil
","Conservative
","Marcus Fysh
","Conservative
","Seat held
",https://en.wikipedia.org/wiki/Marcus_Fysh,1970-11-08
"Ynys Môn
","Labour
","Virginia Crosbie
","Conservative
","Previous incumbent, Albert Owen, did not stand
",https://en.wikipedia.org/wiki/Virginia_Crosbie,1966-12-08
"York Central
","Labour Co-operative
","Rachael Maskell
","Labour Co-operative
","Seat held
",https://en.wikipedia.org/wiki/Rachael_Maskell,1972-07-05
"York Outer
","Conservative
","Julian Sturdy
","Conservative
","Seat held
",https://en.wikipedia.org/wiki/Julian_Sturdy,1971-06-03
