Firstname,Lastname,Month,Year,unique_id,company_number
Stephen,Kinnock,1,1970,0,
Robin,Millar,10,1968,1,
Kirsty,Blackman,3,1986,2,
Stephen,Flynn,10,1988,3,
Neil,Gray,3,1986,4,
Leo,Docherty,10,1976,5,
Wendy,Morton,11,1967,6,
Graham,Brady,5,1967,7,
Mark,Tami,10,1962,8,
Dave,Doogan,3,1973,10,
Brendan,O'Hara,4,1963,12,
Andrew,Griffith,2,1971,13,
Lee,Anderson,1,1967,14,
Damian,Green,1,1956,15,
Angela,Rayner,3,1980,16,
Rob,Butler,6,1967,17,
Allan,Dorans,7,1955,18,
Victoria,Prentis,3,1971,19,
David,Duguid,10,1970,20,
Margaret,Hodge,9,1944,21,
Dan,Jarvis,11,1972,22,
Simon,Fell,2,1981,24,
John,Baron,6,1959,25,
Maria,Miller,3,1964,26,
Brendan,Clarke-Smith,8,1980,27,
Wera,Hobhouse,2,1960,28,
Tracy,Brabin,5,1961,29,
Marsha,de Cordova,1,1976,30,
Joy,Morrissey,1,1981,31,
Bob,Stewart,7,1949,32,
Mohammad,Yasin,10,1971,33,
Gavin,Robinson,11,1984,34,
Claire,Hanna,6,1980,36,
Paul,Maskey,6,1967,37,
Neil,Coyle,12,1978,38,
Anne-Marie,Trevelyan,4,1969,39,
John,Lamont,4,1976,40,
Rushanara,Ali,3,1975,41,
Graham,Stuart,3,1962,42,
Huw,Merriman,7,1973,43,
David,Evennett,6,1949,44,
Mick,Whitley,11,1951,45,
Preet,Gill,11,1972,46,
Jack,Dromey,9,1948,47,
Tahir,Ali,10,1971,48,
Liam,Byrne,10,1970,49,
Shabana,Mahmood,9,1980,50,
Gary,Sambrook,6,1989,51,
Khalid,Mahmood,7,1961,52,
Steve,McCabe,8,1955,53,
Jess,Phillips,10,1981,54,
Dehenna,Davison,7,1993,55,
Kate,Hollern,4,1955,56,
Graham,Stringer,2,1950,57,
Paul,Maynard,12,1975,58,
Scott,Benton,7,1987,59,
Nick,Smith,1,1960,60,
Liz,Twist,7,1956,61,
Ian,Levy,2,1966,62,
Nick,Gibb,9,1960,63,
Mark,Fletcher,9,1985,64,
Mark,Logan,1,1984,65,
Yasmin,Qureshi,7,1963,66,
Chris,Green,8,1973,67,
Peter,Dowd,6,1957,68,
Matt,Warman,9,1981,69,
Luke,Evans,1,1983,70,
Tobias,Ellwood,8,1966,71,
Conor,Burns,9,1972,72,
James,Sunderland,6,1970,73,
Imran,Hussain,6,1978,74,
Judith,Cummins,6,1967,75,
Naseem,Shah,11,1973,76,
James,Cleverly,9,1969,77,
Fay,Jones,1,1985,78,
Dawn,Butler,11,1969,79,
Barry,Gardiner,3,1957,80,
Ruth,Cadbury,5,1959,81,
Jamie,Wallis,6,1984,83,
Ian,Liddell-Grainger,2,1959,84,
Andrew,Percy,9,1977,85,
Lloyd,Russell-Moyle,9,1986,86,
Caroline,Lucas,12,1960,87,
Kerry,McCarthy,3,1965,88,
Darren,Jones,11,1986,89,
Karin,Smyth,9,1964,90,
Thangam,Debbonaire,8,1966,91,
Jerome,Mayhew,4,1970,92,
Bob,Neill,6,1952,93,
Sajid,Javid,12,1969,94,
Charles,Walker,9,1967,95,
Darren,Henry,8,1968,96,
Greg,Smith,3,1979,97,
Antony,Higginbotham,12,1989,98,
James,Daly,3,1980,100,
Christian,Wakeford,11,1984,101,
Wayne,David,7,1957,103,
Jamie,Stone,6,1954,104,
Craig,Whittaker,8,1962,105,
Harriet,Harman,7,1950,106,
George,Eustice,9,1971,107,
Daniel,Zeichner,11,1956,108,
Amanda,Milling,3,1975,109,
Rosie,Duffield,7,1971,110,
Jo,Stevens,9,1966,111,
Anna,McMorrin,9,1971,112,
Stephen,Doughty,4,1980,113,
Kevin,Brennan,10,1959,114,
John,Stevenson,7,1963,115,
Jonathan,Edwards,4,1976,116,
Simon,Hart,8,1963,117,
Elliot,Colburn,8,1992,118,
Rebecca,Harris,12,1967,119,
Philippa,Whitford,12,1958,120,
Mel,Stride,9,1961,121,
Dan,Poulter,10,1978,122,
Ben,Lake,1,1993,123,
Edward,Argar,12,1977,124,
Tracey,Crouch,7,1975,125,
Mary,Robinson,8,1955,126,
Vicky,Ford,9,1967,127,
Greg,Hands,11,1965,128,
Alex,Chalk,8,1976,129,
Cheryl,Gillan,4,1952,130,
Toby,Perkins,8,1970,131,
Gillian,Keegan,3,1968,132,
Iain,Duncan Smith,4,1954,133,
Michelle,Donelan,4,1984,134,
Theresa,Villiers,3,1968,135,
Lindsay,Hoyle,6,1957,136,
Christopher,Chope,5,1947,137,
Nickie,Aiken,2,1969,138,
Chris,Matheson,1,1968,139,
Mary,Foy,2,1968,140,
Giles,Watling,2,1953,141,
Martin,Vickers,9,1950,142,
Simon,Baynes,4,1960,143,
David,Jones,3,1952,144,
Steven,Bonnar,8,1981,145,
Will,Quince,12,1982,146,
Jason,McCartney,1,1968,147,
Fiona,Bruce,3,1957,148,
Trudy,Harrison,4,1976,149,
Tom,Pursglove,11,1988,150,
Colleen,Fletcher,11,1954,151,
Taiwo,Owatemi,7,1992,152,
Zarah,Sultana,10,1993,153,
Henry,Smith,5,1969,154,
Kieran,Mullan,6,1984,155,
Sarah,Jones,12,1972,156,
Steve,Reed,11,1963,157,
Chris,Philp,7,1976,158,
Stuart,McDonald,5,1978,159,
Beth,Winter,10,1974,160,
Jon,Cruddas,4,1962,161,
Peter,Gibson,5,1975,162,
Gareth,Johnson,10,1969,163,
Chris,Heaton-Harris,11,1967,164,
Rob,Roberts,10,1979,165,
Andrew,Gwynne,6,1974,166,
Amanda,Solloway,6,1961,167,
Margaret,Beckett,1,1943,168,
Sarah,Dines,5,1965,169,
Danny,Kruger,10,1974,170,
Mark,Eastwood,3,1971,171,
Nicholas,Fletcher,7,1972,172,
Rosie,Winterton,8,1958,173,
Ed,Miliband,12,1969,174,
Natalie,Elphicke,11,1970,175,
Marco,Longhi,4,1967,176,
Mike,Wood,3,1976,177,
Helen,Hayes,8,1974,178,
Alister,Jack,7,1963,179,
David,Mundell,5,1962,180,
Stewart,Hosie,1,1963,181,
Chris,Law,10,1969,182,
Douglas,Chapman,1,1955,183,
Liz,Saville-Roberts,12,1964,184,
Rupa,Huq,4,1972,185,
James,Murray,7,1983,186,
Virendra,Sharma,4,1947,187,
Grahame,Morris,3,1961,188,
Sammy,Wilson,4,1953,189,
Simon,Jupp,9,1985,190,
Amy,Callaghan,5,1992,191,
Stephen,Timms,7,1955,192,
Damian,Hinds,11,1969,193,
Lisa,Cameron,4,1972,194,
Gregory,Campbell,2,1953,195,
Kenny,MacAskill,4,1958,196,
Kirsten,Oswald,12,1972,197,
Claire,Coutinho,7,1985,198,
Tim,Loughton,5,1962,199,
Greg,Knight,4,1949,200,
Caroline,Ansell,1,1971,201,
Paul,Holmes,8,1988,202,
Edward,Timpson,12,1973,203,
Tommy,Sheppard,3,1959,204,
Deidre,Brock,12,1961,205,
Ian,Murray,8,1976,206,
Joanna,Cherry,3,1966,207,
Christine,Jardine,11,1960,208,
Kate,Osamor,8,1968,209,
Justin,Madders,11,1972,210,
Alec,Shelbrooke,1,1976,211,
Clive,Efford,7,1958,212,
Feryal,Clark,1,1979,213,
Bambos,Charalambous,12,1967,214,
Eleanor,Laing,2,1958,215,
Chris,Grayling,4,1962,216,
Maggie,Throup,1,1957,217,
Abena,Oppong-Asare,2,1983,218,
Dominic,Raab,2,1974,219,
Ben,Bradshaw,8,1960,220,
John,McNally,2,1951,221,
Suella,Braverman,4,1980,222,
Helen,Whately,6,1976,223,
Seema,Malhotra,8,1972,224,
Michelle,Gildernew,3,1970,225,
Jack,Lopresti,8,1969,226,
Mike,Freer,5,1960,227,
Damian,Collins,2,1974,228,
Mark,Harper,2,1970,229,
Colum,Eastwood,4,1983,230,
Mark,Menzies,5,1971,231,
Edward,Leigh,7,1950,232,
Maria,Eagle,2,1961,233,
Ian,Mearns,4,1957,234,
Tom,Randall,7,1981,235,
Rehman,Chishti,10,1978,236,
Alison,Thewliss,9,1982,237,
David,Linden,5,1990,238,
Patrick,Grady,2,1980,239,
Anne,McLaughlin,3,1966,240,
Carol,Monaghan,8,1972,241,
Stewart,McDonald,8,1986,242,
Chris,Stephens,3,1973,243,
Peter,Grant,10,1960,244,
Richard,Graham,4,1958,245,
Richard,Thomson,6,1976,246,
Caroline,Dinenage,10,1971,247,
Tonia,Antoniazzi,10,1971,248,
Gareth,Davies,3,1984,249,
Adam,Holloway,7,1965,250,
Lia,Nici,8,1969,251,
Brandon,Lewis,6,1971,252,
Matthew,Pennycook,10,1982,253,
Angela,Richardson,10,1974,254,
Diane,Abbott,9,1953,255,
Meg,Hillier,2,1969,256,
James,Morris,2,1967,257,
Holly,Lynch,10,1986,258,
David,Davis,12,1948,259,
Derek,Twigg,7,1959,260,
Andrew,Slaughter,9,1960,261,
Tulip,Siddiq,9,1982,262,
Neil,O'Brien,11,1978,263,
Robert,Halfon,3,1969,264,
Andrew,Jones,11,1963,265,
Bob,Blackman,4,1956,266,
Gareth,Thomas,7,1967,267,
Mike,Hill,5,1963,268,
Bernard,Jenkin,4,1959,269,
Sally-Ann,Hart,3,1968,270,
Alan,Mak,11,1983,271,
John,McDonnell,9,1951,272,
William,Wragg,12,1987,273,
Mike,Penning,9,1957,274,
Jon,Trickett,7,1950,275,
Matthew,Offord,9,1969,276,
John,Howell,7,1955,277,
Jesse,Norman,6,1962,278,
Julie,Marson,3,1965,279,
Oliver,Dowden,8,1978,280,
Guy,Opperman,5,1965,281,
Chris,Clarkson,11,1982,282,
Robert,Largan,5,1987,283,
Bim,Afolami,2,1986,284,
Keir,Starmer,9,1962,285,
Catherine,West,9,1966,287,
Jeremy,Quin,9,1968,288,
Bridget,Phillipson,12,1983,289,
Peter,Kyle,9,1970,290,
Barry,Sheerman,8,1940,291,
Jonathan,Djanogly,6,1965,292,
Sara,Britcliffe,2,1995,293,
Wes,Streeting,1,1983,294,
Sam,Tarry,8,1982,295,
Ronnie,Cowan,9,1959,296,
Drew,Hendry,5,1964,297,
Tom,Hunt,8,1988,298,
Bob,Seely,6,1966,299,
Jeremy,Corbyn,5,1949,300,
Emily,Thornberry,7,1960,301,
Chris,Evans,7,1977,302,
Robbie,Moore,11,1984,304,
Jeremy,Wright,10,1972,305,
Philip,Hollobone,11,1964,307,
Alan,Brown,8,1970,308,
Edward,Davey,12,1965,309,
Karl,Turner,4,1971,310,
Diana,Johnson,7,1966,311,
Emma,Hardy,7,1979,312,
Chris,Skidmore,5,1981,313,
Neale,Hanvey,12,1964,314,
George,Howarth,6,1949,315,
Jeffrey,Donaldson,12,1962,316,
Angela,Crawley,6,1987,317,
Cat,Smith,6,1985,318,
Hilary,Benn,11,1953,319,
Richard,Burgon,9,1980,320,
Fabian,Hamilton,4,1955,321,
Alex,Sobel,4,1975,322,
Rachel,Reeves,2,1979,323,
Claudia,Webbe,3,1965,324,
Jon,Ashworth,10,1978,325,
Liz,Kendall,6,1971,326,
James,Grundy,12,1978,327,
Maria,Caulfield,8,1973,328,
Janet,Daby,12,1970,329,
Ellie,Reeves,12,1980,330,
Vicky,Foxcroft,3,1977,331,
John,Cryer,4,1964,332,
Michael,Fabricant,6,1950,333,
Karl,McCartney,10,1968,334,
Martyn,Day,3,1971,335,
Kim,Johnson,8,1966,336,
Dan,Carden,10,1986,337,
Paula,Barker,5,1972,338,
Hannah,Bardell,6,1983,340,
Nia,Griffith,12,1956,341,
Jane,Hunt,6,1966,342,
Victoria,Atkins,3,1976,343,
Philip,Dunne,8,1958,344,
Sarah,Owen,1,1983,345,
Rachel,Hopkins,3,1972,346,
David,Rutley,3,1961,347,
Theresa,May,10,1956,348,
Helen,Grant,9,1961,349,
Yvonne,Fovargue,11,1956,350,
John,Whittingdale,10,1959,351,
Lucy,Powell,10,1974,352,
Afzal,Khan,4,1958,353,
Jeff,Smith,1,1963,354,
Ben,Bradley,12,1989,355,
Flick,Drummond,6,1962,356,
Saqib,Bhatti,6,1985,357,
Gerald,Jones,8,1970,358,
Nadine,Dorries,5,1957,359,
Pauline,Latham,2,1948,360,
Michael,Tomlinson,10,1977,361,
George,Freeman,7,1967,362,
Mims,Davies,6,1975,363,
Francie,Molloy,12,1950,364,
Nigel,Huddleston,10,1970,365,
Andy,McDonald,3,1958,366,
Simon,Clarke,9,1984,367,
Owen,Thompson,3,1978,368,
Ben,Everitt,11,1979,369,
Iain,Stewart,9,1972,370,
Siobhain,McDonagh,2,1960,371,
Paul,Beresford,4,1946,372,
David,Davies,7,1970,373,
Craig,Williams,6,1985,374,
Douglas,Ross,1,1983,375,
David,Morris,1,1966,376,
Andrea,Jenkyns,6,1974,377,
Marion,Fellows,5,1949,378,
Angus,MacNeil,7,1970,379,
Christina,Rees,2,1954,380,
Julian,Lewis,9,1951,381,
Desmond,Swayne,8,1956,382,
Robert,Jenrick,1,1982,383,
Laura,Farris,6,1978,384,
Chi,Onwurah,4,1965,385,
Nick,Brown,6,1950,386,
Catherine,McKinnell,6,1976,387,
Aaron,Bell,2,1980,388,
Jessica,Morden,5,1968,389,
Ruth,Jones,4,1962,390,
Mickey,Brady,10,1950,391,
Anne,Marie Morris,7,1957,392,
Yvette,Cooper,3,1969,393,
Ian,Paisley,12,1966,394,
Patricia,Gibson,5,1968,395,
Scott,Mann,6,1977,396,
Selaine,Saxby,11,1970,397,
Simon,Hoare,6,1969,398,
Stephen,Farry,4,1971,399,
Kevan,Jones,4,1964,400,
Richard,Fuller,5,1962,401,
Steve,Barclay,5,1972,402,
Lee,Rowley,9,1980,403,
Wendy,Chamberlain,12,1976,404,
Ranil,Jayawardena,9,1986,405,
Oliver,Heald,12,1954,406,
Jacob,Rees-Mogg,5,1969,407,
Bill,Wiggin,6,1966,408,
Duncan,Baker,11,1979,409,
Owen,Paterson,6,1956,410,
Liam,Fox,9,1961,411,
Justin,Tomlinson,11,1976,412,
Mary,Glindon,1,1957,414,
Craig,Tracey,8,1974,415,
Shailesh,Vara,9,1960,416,
Richard,Holden,3,1985,417,
Kit,Malthouse,10,1966,418,
Andrew,Bridgen,10,1964,419,
James,Wild,1,1977,420,
James,Gray,11,1954,421,
Michael,Ellis,10,1967,422,
Andrew,Lewer,7,1971,423,
Chloe,Smith,5,1982,424,
Clive,Lewis,9,1971,425,
Nadia,Whittome,8,1996,426,
Alex,Norris,2,1984,427,
Lilian,Greenwood,3,1966,428,
Marcus,Jones,4,1974,429,
John,Nicolson,6,1961,430,
Chris,Elmore,12,1983,431,
James,Brokenshire,1,1968,432,
Debbie,Abrahams,9,1960,433,
Jim,McMahon,7,1980,434,
Alistair,Carmichael,7,1965,435,
Gareth,Bacon,4,1972,436,
Anneliese,Dodds,3,1978,437,
Layla,Moran,9,1982,438,
Gavin,Newlands,2,1980,439,
Mhairi,Black,9,1994,440,
Andrew,Stephenson,2,1981,441,
Miriam,Cates,8,1982,442,
Pete,Wishart,3,1962,444,
Paul,Bristow,3,1979,445,
Johnny,Mercer,8,1981,446,
Luke,Pollard,4,1980,447,
Alex,Davies-Jones,4,1989,448,
Robert,Syms,8,1956,449,
Apsana,Begum,5,1990,450,
Penny,Mordaunt,3,1973,451,
Stephen,Morgan,1,1981,452,
Stephen,Crabb,1,1973,453,
Mark,Hendrick,11,1958,454,
Stuart,Andrew,11,1971,455,
Fleur,Anderson,2,1971,456,
Mark,Francois,8,1965,457,
Matt,Rodda,12,1966,458,
Alok,Sharma,9,1967,459,
Jacob,Young,2,1993,460,
Rachel,Maclean,10,1965,461,
Crispin,Blunt,7,1960,462,
Chris,Bryant,1,1962,463,
Nigel,Evans,11,1957,464,
Rishi,Sunak,5,1980,465,
Sarah,Olney,1,1977,466,
Tony,Lloyd,2,1950,467,
Kelly,Tolhurst,8,1978,468,
James,Duddridge,8,1971,469,
Andrew,Rosindell,3,1966,470,
Caroline,Nokes,6,1972,471,
Ian,Blackford,5,1961,472,
Jake,Berry,12,1978,473,
Alexander,Stafford,7,1987,474,
Sarah,Champion,7,1969,475,
Mark,Pawsey,1,1957,476,
Ben,Spencer,12,1981,478,
Ruth,Edwards,5,1984,479,
Margaret,Ferrier,9,1960,480,
Alicia,Kearns,11,1987,481,
Kemi,Badenoch,1,1980,482,
Rebecca,Long-Bailey,9,1979,483,
John,Glen,4,1974,484,
Robert,Goodwill,12,1956,485,
Paul,Howell,1,1960,487,
Bill,Esterson,10,1966,488,
Nigel,Adams,11,1966,489,
Laura,Trott,12,1984,490,
Paul,Blomfield,8,1953,491,
Clive,Betts,1,1950,492,
Gill,Furniss,3,1957,493,
Olivia,Blake,3,1990,494,
Louise,Haigh,7,1987,495,
Mark,Spencer,1,1970,496,
Philip,Davies,1,1972,497,
Daniel,Kawczynski,1,1972,498,
Gordon,Henderson,1,1948,499,
Julian,Smith,8,1971,500,
Caroline,Johnson,12,1977,501,
Tanmanjeet,Dhesi,8,1978,502,
Julian,Knight,1,1972,503,
David,Warburton,10,1965,504,
Paul,Girvan,7,1963,505,
Stephen,Metcalfe,1,1966,506,
Anthony,Browne,1,1967,507,
Heather,Wheeler,5,1959,508,
Richard,Drax,1,1958,509,
Chris,Hazzard,8,1984,510,
Lucy,Frazer,5,1972,511,
Sheryll,Murray,2,1956,512,
John,Hayes,6,1958,513,
Alberto,Costa,11,1971,514,
Richard,Bacon,12,1962,515,
Andrea,Leadsom,5,1963,516,
Katherine,Fletcher,2,1976,517,
Emma,Lewell-Buck,11,1978,518,
Gavin,Williamson,6,1976,519,
James,Cartlidge,4,1974,520,
Robert,Buckland,9,1968,521,
Craig,Mackinlay,10,1966,522,
Andrew,Selous,4,1962,523,
Gary,Streeter,10,1955,524,
Gagan,Mohindra,4,1978,525,
Liz,Truss,7,1975,526,
Jeremy,Hunt,11,1966,527,
Andrew,Murrison,4,1961,528,
Royston,Smith,5,1964,529,
Alan,Whitehead,9,1950,530,
David,Amess,3,1952,531,
Damien,Moore,4,1980,532,
Kwasi,Kwarteng,5,1975,533,
Daisy,Cooper,10,1981,534,
Steve,Double,12,1966,535,
Conor,McGinn,7,1984,536,
Marie,Rimmer,4,1947,537,
Derek,Thomas,7,1972,538,
Theo,Clarke,8,1985,539,
Karen,Bradley,3,1970,540,
Jonathan,Reynolds,8,1980,541,
Stephen,McPartland,8,1976,542,
Alyn,Smith,9,1973,543,
Navendu,Mishra,8,1989,544,
Alex,Cunningham,5,1955,545,
Matt,Vickers,9,1983,546,
Jo,Gideon,11,1952,547,
Jonathan,Gullis,1,1990,548,
Jack,Brereton,5,1991,549,
Bill,Cash,5,1940,550,
Suzanne,Webb,2,1966,551,
Jim,Shannon,3,1955,552,
Nadhim,Zahawi,6,1967,553,
Bell,Ribeiro-Addy,3,1985,554,
Kate,Green,5,1960,555,
Siobhan,Baillie,8,1981,556,
Therese,Coffey,11,1971,557,
Julie,Elliott,7,1963,558,
Michael,Gove,8,1967,559,
Paul,Scully,4,1968,560,
Andrew,Mitchell,3,1956,561,
Carolyn,Harris,9,1960,562,
Geraint,Davies,5,1960,563,
Christopher,Pincher,9,1969,564,
Esther,McVey,10,1967,565,
Rebecca,Pow,10,1960,566,
Lucy,Allan,10,1964,567,
Laurence,Robertson,3,1958,568,
Geoffrey,Clifton-Brown,3,1953,569,
Mark,Pritchard,11,1966,570,
Kevin,Hollinrake,9,1963,571,
Luke,Hall,7,1986,572,
Jackie,Doyle-Price,8,1969,573,
Neil,Parish,5,1956,574,
Thomas,Tugendhat,6,1973,575,
Rosena,Allin-Khan,5,1978,576,
Kevin,Foster,12,1978,577,
Nick,Thomas-Symonds,5,1980,578,
Geoffrey,Cox,4,1960,579,
Anthony,Mangnall,8,1989,580,
David,Lammy,7,1972,581,
Cherilyn,Mackrory,6,1976,582,
Greg,Clark,8,1967,583,
Munira,Wilson,4,1978,584,
Alan,Campbell,7,1957,585,
Carla,Lockhart,2,1985,586,
Boris,Johnson,6,1964,587,
James,Davies,2,1980,588,
Alun,Cairns,7,1970,589,
Florence,Eshalomi,9,1980,590,
Imran,Ahmad Khan,9,1973,591,
Angela,Eagle,2,1961,592,
Eddie,Hughes,10,1968,593,
Valerie,Vaz,12,1954,594,
Stella,Creasy,4,1977,595,
Ian,Lavery,1,1963,596,
David,Johnston,11,1981,597,
John,Spellar,8,1947,598,
Charlotte,Nichols,4,1991,599,
Andy,Carter,1,1974,600,
Matt,Western,11,1962,601,
Sharon,Hodgson,4,1966,602,
Dean,Russell,5,1976,603,
Peter,Aldous,8,1961,604,
Nus,Ghani,9,1972,605,
Mike,Amesbury,5,1969,606,
Peter,Bone,10,1952,607,
James,Heappey,1,1981,608,
Grant,Shapps,9,1968,609,
John,Healey,2,1960,610,
Andrew,Bowie,5,1987,611,
Nicola,Richards,12,1994,612,
Shaun,Bailey,7,1992,613,
Chris,Loder,9,1981,614,
Martin,Docherty-Hughes,1,1971,615,
Lyn,Brown,4,1960,616,
Rosie,Cooper,9,1950,617,
Matthew,Hancock,10,1978,618,
Ã“rfhlaith,Begley,12,1991,619,
Harriett,Baldwin,5,1960,620,
Karen,Buck,8,1958,621,
Tim,Farron,5,1970,622,
John,Penrose,6,1964,623,
Lisa,Nandy,8,1979,624,
Stephen,Hammond,2,1962,625,
Steve,Brine,1,1974,626,
Adam,Afriyie,8,1965,627,
Alison,McGovern,12,1980,628,
Margaret,Greenwood,3,1959,629,
Priti,Patel,3,1972,630,
Robert,Courts,10,1978,631,
Jonathan,Lord,9,1962,632,
John,Redwood,6,1951,633,
Jane,Stevenson,2,1971,634,
Pat,McFadden,3,1965,635,
Stuart,Anderson,7,1976,636,
Robin,Walker,4,1978,637,
Mark,Jenkinson,1,1982,638,
Barbara,Keeley,3,1952,639,
Peter,Bottomley,7,1944,640,
Sarah,Atherton,11,1967,641,
Steven,Baker,6,1971,642,
Ben,Wallace,5,1970,643,
Mark,Garnier,2,1963,644,
Mike,Kane,1,1969,645,
Marcus,Fysh,11,1970,646,
Virginia,Crosbie,12,1966,647,
Rachael,Maskell,7,1972,648,
Julian,Sturdy,6,1971,649,
